Time (Days),Gas Volume,Oil Volume,Water Volume 
1,4.45783,0,332
2,10.23198,0,482
3,11.90695,0,541
4,11.73224,0,556
5,10.88005,0,538
6,10.35072,0,513
7,9.87737,0,487
8,9.45001,0,487.05
9,9.21744,0,435
10,7.63723,0,315
11,8.0456,0,362
12,8.06913,0,0
13,7.51533,0,272
14,7.89041,0,390
15,6.6308,0,195
16,4.88523,0,200
17,4.85302,0,203
18,4.89971,0,188
19,4.88705,0,207
20,4.98209,0,99
21,5.51854,0,184
22,4.86643,0,150
23,5.693,0,170
24,5.38449,0,160
25,5.42089,0,147
26,4.97077,0,154
27,6.16486,0,272
28,7.19673,0,268
29,4.9967,0,269
30,5.02007,0,163
31,5.05591,0,150
32,5.08213,0,158
33,4.88569,0,160
34,6.10395,0,260
35,7.97719,0,290
36,7.57686,0,330
37,6.78966,0,312
38,6.51609,0,278
39,3.22014,0,40
40,2.87667,0,54
41,6.98997,0,300
42,5.12501,0,200
43,3.33906,0,177
44,4.50897,0,145
45,4.71779,0,122
46,2.86693,0,80
47,4.29813,0,100
48,5.45482,0,96
49,2.03325,0,373
50,0,0,0
51,0,0,0
52,5.54177,0,48
53,5.4836,0,75
54,4.72465,0,78
55,4.41254,0,75
56,4.13652,0,105
57,4.01115,0,105
58,4.96948,0,112.01
59,4.95719,0,88
60,4.64803,0,130
61,3.48629,0,129
62,3.70481,0,94
63,4.5742,0,140
64,2.98917,0,60
65,1.77793,0,30
66,5.08701,0,90
67,4.63664,0,88
68,4.40089,0,123
69,4.23366,0,124
70,4.19318,0,116
71,4.00177,0,112
72,3.90826,0,98
73,4.09975,0,135
74,4.03101,0,113
75,3.86683,0,115
76,3.81966,0,123
77,3.74103,0,100
78,3.5766,0,88
79,3.68252,0,80
80,3.63077,0,90
81,3.66918,0,94
82,3.60179,0,100
83,2.78073,0,60
84,2.8226,0,39
85,3.75635,0,95
86,3.61585,0,108
87,3.469,0,97
88,3.49578,0,93
89,3.4794,0,100
90,3.45195,0,90
91,3.11347,0,62
92,3.54697,0,55
93,3.22652,0,76
94,3.38008,0,92
95,3.25398,0,80
96,3.22071,0,82
97,3.22774,0,95
98,3.26071,0,70
99,3.15949,0,80
100,3.23569,0,80
101,3.16313,0,83
102,3.05771,0,76
103,3.1255,0,0
104,2.26561,0,20
105,4.38821,0,80
106,3.39063,0,82
107,3.13587,0,72
108,3.20717,0,76
109,3.14955,0,82
110,2.80368,0,67
111,2.96689,0,88
112,2.97111,0,82
113,2.94531,0,80
114,2.89097,0,59
115,2.94565,0,72
116,2.89513,0,74
117,2.90388,0,67
118,2.92619,0,72
119,2.89087,0,70
120,2.82346,0,73
121,2.88685,0,73
122,0,0,0
123,2.83256,0,60
124,2.80814,0,72
125,2.79244,0,57
126,2.71039,0,65
127,2.74978,0,63
128,2.37476,0,42
129,2.052,0,30
130,2.969,0,75
131,2.714,0,65
132,2.658,0,67
133,2.65797,0,60
134,2.58363,0,55
135,2.60326,0,53
136,2.562,0,65
137,2.481,0,67
138,2.459,0,55
139,2.61597,0,60
140,2.56808,0,60
141,2.50234,0,57
142,2.24599,0,55
143,2.557,0,53
144,2.50554,0,47
145,2.50439,0,60
146,2.49518,0,65
147,2.49252,0,60
148,2.44764,0,55
149,2.45525,0,57
150,2.46295,0,60
151,2.46386,0,62
152,2.45532,0,48
153,2.40004,0,58
154,2.38388,0,55
155,2.3929,0,53
156,2.34798,0,49
157,2.35435,0,50
158,2.39565,0,60
159,2.36716,0,68
160,2.32551,0,52
161,2.31133,0,53
162,2.30888,0,55
163,2.30737,0,60
164,2.29614,0,64
165,2.28378,0,55
166,2.24223,0,50
167,2.17232,0,42
168,1.99403,0,40
169,2.27535,0,64
170,2.33832,0,58
171,2.28902,0,59
172,2.25082,0,60
173,2.24309,0,55
174,2.26146,0,58
175,2.2427,0,53
176,2.15477,0,53
177,2.13827,0,44
178,2.16717,0,50
179,2.16476,0,53
180,2.19329,0,50
181,2.15006,0,50
182,2.14171,0,47
183,2.18754,0,49
184,2.17049,0,48
185,2.12801,0,0
186,2.10645,0,43
187,2.11586,0,44
188,2.08846,0,47
189,2.05891,0,43
190,2.06889,0,47
191,2.0953,0,48
192,2.09935,0,50
193,2.07873,0,44
194,1.97861,0,47
195,1.99015,0,40
196,2.0513,0,42
197,2.05211,0,35
198,1.58646,0,17
199,2.13043,0,38
200,2.00863,0,43
201,1.98116,0,42
202,1.95761,0,40
203,1.94201,0,42
204,1.9463,0,42
205,1.92495,0,40
206,1.90016,0,40
207,1.89204,0,40
208,1.90857,0,40
209,1.94541,0,35
210,1.92466,0,42
211,1.91151,0,44
212,1.907,0,43
213,1.87338,0,40
214,1.86,0,40
215,1.88225,0,39
216,1.82522,0,39
217,1.84551,0,35
218,1.79181,0,38
219,1.86132,0,34
220,1.86125,0,40
221,1.82502,0,41
222,1.82502,0,38
223,1.81899,0,40
224,1.40745,0,12
225,1.40226,0,20
226,2.14815,0,41
227,1.88675,0,42
228,1.30668,0,42
229,0.11067,0,0
230,2.56028,0,29
231,2.17452,0,35
232,1.71777,0,35
233,1.89574,0,36
234,0.85113,0,13
235,2.38948,0,33
236,1.93684,0,40
237,1.85936,0,40
238,1.83238,0,37
239,1.84132,0,40
240,1.85501,0,39
241,1.84672,0,41
242,1.82855,0,40
243,1.82264,0,39
244,1.81478,0,40
245,1.79224,0,42
246,1.78772,0,40
247,1.77109,0,37
248,1.69024,0,28
249,1.50434,0,20
250,1.83293,0,38
251,1.77311,0,38
252,1.75759,0,32
253,1.73688,0,38
254,1.75334,0,39
255,1.71394,0,37
256,1.71865,0,39
257,1.70302,0,36
258,1.68848,0,34
259,1.69184,0,35
260,1.22198,0,13
261,1.69973,0,19
262,1.63609,0,33
263,1.66473,0,36
264,1.64345,0,32
265,1.61048,0,33
266,1.58548,0,39
267,1.59646,0,30
268,1.62245,0,23
269,1.61346,0,35
270,1.62626,0,30
271,1.615,0,34
272,1.60402,0,28
273,1.59956,0,33
274,1.58951,0,30
275,1.5011,0,24
276,1.50162,0,27
277,1.51548,0,25
278,1.5253,0,27
279,1.52573,0,30
280,1.52369,0,24
281,1.55174,0,28
282,1.56574,0,30
283,1.28548,0,20
284,1.44578,0,20
285,1.42017,0,18
286,1.41787,0,24
287,1.35706,0,22
288,1.40398,0,25
289,1.42747,0,23
290,1.42684,0,25
291,1.38711,0,21
292,1.39825,0,20
293,1.41767,0,20
294,1.48415,0,20
295,1.31685,0,21
296,1.73742,0,20
297,1.82222,0,41
298,1.73082,0,38
299,1.70908,0,38
300,1.27066,0,16
301,1.50548,0,12
302,1.61019,0,18
303,1.33419,0,27
304,1.5002,0,45
305,1.56978,0,40
306,1.51464,0,34
307,1.48957,0,30
308,1.46503,0,31
309,1.43917,0,30
310,1.43728,0,29
311,1.43495,0,28
312,1.42343,0,33
313,1.41612,0,31
314,1.41806,0,28
315,1.39674,0,30
316,1.40861,0,27
317,1.39316,0,27
318,1.37649,0,26
319,1.30635,0,20
320,1.30486,0,21
321,1.32429,0,23
322,1.32906,0,25
323,1.36016,0,28
324,1.331,0,24
325,1.29288,0,24
326,1.31152,0,24
327,1.32405,0,24
328,1.33598,0,28
329,1.32553,0,24
330,1.32,0,25
331,1.32674,0,25
332,1.3161,0,27
333,1.3098,0,27
334,1.32067,0,25
335,1.32958,0,25
336,1.31521,0,23
337,1.32369,0,28
338,1.30332,0,29
339,1.32455,0,27
340,1.21596,0,27
341,1.22089,0,26
342,1.27464,0,24
343,1.29985,0,24
344,1.31249,0,30
345,1.19486,0,15
346,1.24526,0,24
347,1.31306,0,24
348,1.27836,0,28
349,1.39344,0,38
350,1.36447,0,31
351,1.39247,0,33
352,0.94244,0,13
353,1.19276,0,15
354,1.33082,0,20
355,1.26556,0,24
356,1.3083,0,31
357,1.29586,0,27
358,1.29132,0,27
359,1.30924,0,31
360,1.37382,0,33
361,1.22538,0,31
362,1.25074,0,32
363,1.25548,0,27
364,1.24586,0,25
365,1.25171,0,24
366,1.25376,0,28
367,1.26996,0,28
368,1.28054,0,27
369,1.31566,0,31
370,1.26483,0,25
371,1.20936,0,23
372,1.17212,0,21
373,0.81498,0,13
374,0.80482,0,8
375,1.38857,0,20
376,1.21593,0,22
377,1.1972,0,24
378,1.31087,0,35
379,1.28453,0,30
380,1.23877,0,28
381,1.2332,0,26
382,1.21325,0,25
383,1.20501,0,28
384,1.19078,0,24
385,1.22846,0,28
386,1.198,0,43
387,1.16273,0,28
388,1.18311,0,28
389,1.21144,0,27
390,1.18515,0,27
391,1.16438,0,30
392,1.15988,0,25
393,1.17867,0,21
394,1.29145,0,32
395,1.03959,0,28
396,0.84342,0,28
397,1.25655,0,33
398,1.25894,0,28
399,1.19509,0,30
400,1.14767,0,27
401,1.16356,0,28
402,0.83175,0,15
403,1.23396,0,20
404,1.26809,0,32
405,1.21443,0,32
406,1.17523,0,27
407,1.17263,0,28
408,1.13443,0,20
409,1.18867,0,32
410,1.15042,0,25
411,1.14729,0,25
412,1.14704,0,30
413,1.1549,0,26
414,1.15546,0,27
415,1.16963,0,25
416,1.14484,0,30
417,1.12989,0,24
418,1.1401,0,25
419,1.14027,0,25
420,1.14683,0,25
421,0.92797,0,13
422,0.50247,0,3
423,0.55636,0,10
424,1.29954,0,13
425,1.37174,0,28
426,1.09557,0,20
427,1.1409,0,28
428,1.18777,0,28
429,1.16252,0,25
430,1.11444,0,27
431,1.08976,0,27
432,1.12556,0,24
433,1.13328,0,24
434,1.14867,0,26
435,1.1263,0,25
436,1.09693,0,24
437,1.0949,0,25
438,1.10374,0,29
439,1.12062,0,25
440,1.09272,0,23
441,1.10104,0,30
442,1.07124,0,22
443,1.16363,0,35
444,1.11879,0,36
445,1.08984,0,33
446,1.08884,0,34
447,1.08382,0,28
448,1.14349,0,29
449,1.04345,0,22
450,1.02455,0,20
451,0.8888,0,20
452,1.09741,0,22
453,1.04987,0,20
454,1.07409,0,25
455,1.06224,0,32
456,1.04992,0,22
457,1.05507,0,22
458,1.04735,0,27
459,1.04841,0,22
460,1.0099,0,28
461,1.02442,0,27
462,1.02561,0,22
463,1.0348,0,24
464,1.02301,0,21
465,0.91441,0,20
466,1.07563,0,20
467,1.04461,0,20
468,1.04369,0,24
469,1.0477,0,20
470,1.01009,0,29
471,1.02858,0,25
472,1.02192,0,35
473,1.01181,0,22
474,1.02364,0,20
475,1.01048,0,24
476,1.01232,0,25
477,0.99839,0,26
478,1.0037,0,25
479,1.01218,0,27
480,1.0233,0,24
481,1.00776,0,25
482,0.9879,0,22
483,0.99009,0,20
484,0.97778,0,15
485,1.00006,0,20
486,0.98797,0,21
487,0.96934,0,20
488,0.94272,0,22
489,0.98683,0,20
490,1.03082,0,27
491,1.15148,0,28
492,1.09182,0,33
493,1.10874,0,33
494,1.09895,0,27
495,1.06801,0,35
496,1.0578,0,30
497,1.05642,0,27
498,0.93223,0,22
499,1.04907,0,20
500,1.04405,0,25
501,1.04038,0,27
502,1.02299,0,28
503,0.99408,0,24
504,1.02784,0,25
505,1.00767,0,26
506,0.99723,0,25
507,1.01068,0,26
508,1.00219,0,31
509,0.98532,0,30
510,0.98335,0,29
511,0.99038,0,25
512,0.96628,0,27
513,0.99564,0,25
514,0.99753,0,28
515,0.97691,0,22
516,0.98905,0,23
517,0.96918,0,25
518,1.00205,0,22
519,0.98322,0,28
520,0.98283,0,24
521,0.96092,0,22
522,0.95677,0,29
523,0.9454,0,22
524,0.89851,0,24
525,0.94326,0,20
526,0.93463,0,32
527,0.93004,0,31
528,0.92915,0,21
529,0.93591,0,25
530,0.93049,0,23
531,0.94744,0,24
532,0.96577,0,24
533,0.91527,0,22
534,0.93914,0,24
535,0.92404,0,22
536,0.931,0,22
537,0.83992,0,20
538,0.53267,0,10
539,0,0,0
540,0.90617,0,3
541,1.26465,0,10
542,0.86091,0,10
543,0.82307,0,12
544,0.81416,0,15
545,0.83723,0,18
546,0.85383,0,18
547,0.8282,0,18
548,0.86563,0,20
549,0.79308,0,21
550,0.78776,0,11
551,0.79304,0,15
552,0.82157,0,14
553,0.84728,0,18
554,0.82713,0,15
555,0.80692,0,13
556,0.83409,0,19
557,0.82036,0,18
558,0.77991,0,18
559,0.82663,0,14
560,0.85851,0,18
561,0.80996,0,18
562,0.83724,0,18
563,0.81154,0,17
564,0.81639,0,15
565,0.83482,0,22
566,0.84434,0,18
567,0.82449,0,18
568,0.81959,0,17
569,0.82095,0,16
570,0.87236,0,18
571,0.695,0,9
572,0.91989,0,15
573,0.85231,0,18
574,0.84245,0,20
575,0.83891,0,18
576,0.82182,0,20
577,0.83158,0,20
578,0.82184,0,18
579,0.80766,0,18
580,0.81149,0,18
581,0.80932,0,20
582,0.81321,0,18
583,0.83037,0,20
584,0.83276,0,20
585,0.81529,0,18
586,0.81661,0,18
587,0.81038,0,18
588,0.83836,0,20
589,0.81944,0,18
590,0.80094,0,16
591,0.79306,0,17
592,0.78102,0,20
593,0.7654,0,15
594,0.82082,0,20
595,0.82452,0,20
596,0.82463,0,18
597,0.80452,0,18
598,0.79029,0,18
599,0.74057,0,18
600,0.75288,0,18
601,0.80604,0,16
602,0.83706,0,17
603,0.81764,0,16
604,0.81287,0,16
605,0.78399,0,18
606,0.79022,0,20
607,0.80666,0,18
608,0.80553,0,18
609,0.80773,0,20
610,0.80423,0,20
611,0.80486,0,20
612,0.79937,0,21
613,0.73984,0,21
614,0.81262,0,18
615,0.79186,0,19
616,0.79261,0,18
617,0.78592,0,18
618,0.78624,0,18
619,0.79084,0,20
620,0.79081,0,18
621,0.79096,0,19
622,0.78926,0,18
623,0.78774,0,17
624,0.78508,0,18
625,0.77772,0,18
626,0.77286,0,18
627,0.78181,0,18
628,0.76773,0,17
629,0.76086,0,18
630,0.76945,0,18
631,0.77915,0,18
632,0.77544,0,18
633,0.78922,0,20
634,0.76318,0,18
635,0.7598,0,18
636,0.74318,0,20
637,0.74819,0,18
638,0.66649,0,18
639,0.77517,0,18
640,0.78142,0,18
641,0.73724,0,18
642,0.75209,0,17
643,0.76472,0,18
644,0.72936,0,19
645,0.68845,0,11
646,0.74985,0,18
647,0.76784,0,18
648,0.69112,0,15
649,0.66893,0,15
650,0.71025,0,16
651,0.80415,0,17
652,0.69128,0,13
653,0.78473,0,18
654,0.75225,0,20
655,0.74609,0,16
656,0.74409,0,18
657,0.74653,0,18
658,0.74508,0,18
659,0.74471,0,18
660,0.73336,0,14
661,0.74376,0,17
662,0.7417,0,20
663,0.74194,0,17
664,0.72812,0,18
665,0.74248,0,18
666,0.74286,0,18
667,0.74556,0,18
668,0.7433,0,18
669,0.74031,0,15
670,0.73772,0,18
671,0.73698,0,15
672,0.68627,0,24
673,0.73581,0,20
674,0.72372,0,16
675,0.72217,0,15
676,0.72592,0,16
677,0.70064,0,15
678,0.70061,0,17
679,0.71961,0,18
680,0.7154,0,14
681,0.71176,0,17
682,0.72942,0,17
683,0.74453,0,20
684,0.73887,0,18
685,0.74391,0,20
686,0.71897,0,14
687,0.71247,0,18
688,0.70331,0,15
689,0.68743,0,15
690,0.69994,0,17
691,0.70972,0,17
692,0.69476,0,13
693,0.68241,0,17
694,0.69817,0,15
695,0.69834,0,15
696,0.70147,0,16
697,0.71521,0,17
698,0.70068,0,13
699,0.69789,0,14
700,0.64657,0,13
701,0.60923,0,17
702,0.75444,0,14
703,0.69819,0,17
704,0.69256,0,13
705,0.68367,0,17
706,0.68063,0,15
707,0.68393,0,13
708,0.70027,0,14
709,0.73296,0,18
710,0.71611,0,16
711,0.7427,0,18
712,0.70612,0,17
713,0.69452,0,14
714,0.6813,0,18
715,0.67955,0,14
716,0.64784,0,11
717,0.7021,0,13
718,0.68568,0,13
719,0.64598,0,15
720,0.68917,0,12
721,0.65123,0,17
722,0.69067,0,16
723,0.66862,0,17
724,0.70759,0,17
725,0.68315,0,17
726,0.67867,0,17
727,0.67426,0,13
728,0.67642,0,16
729,0.6911,0,14
730,0.65909,0,15
731,0.6715,0,14
732,0.68137,0,17
733,0.65774,0,15
734,0.66003,0,13
735,0.65864,0,17
736,0.66332,0,15
737,0.61053,0,14
738,0.68837,0,15
739,0.65137,0,14
740,0.64554,0,15
741,0.66064,0,16
742,0.64675,0,17
743,0.66639,0,13
744,0.67167,0,17
745,0.66197,0,15
746,0.66539,0,17
747,0.66464,0,13
748,0.66738,0,17
749,0.6686,0,15
750,0.65821,0,16
751,0.66044,0,17
752,0.65794,0,17
753,0.65487,0,17
754,0.65199,0,15
755,0.65675,0,13
756,0.65778,0,15
757,0.66812,0,15
758,0.67251,0,15
759,0.66509,0,14
760,0.6622,0,15
761,0.67701,0,16
762,0.64166,0,10
763,0.65393,0,17
764,0.64997,0,15
765,0.6432,0,16
766,0.64022,0,15
767,0.62698,0,15
768,0.61117,0,13
769,0.60584,0,13
770,0.59045,0,13
771,0.63337,0,17
772,0.62894,0,15
773,0.63747,0,12
774,0.63091,0,15
775,0.61997,0,15
776,0.61396,0,12
777,0.60005,0,13
778,0.27044,0,3
779,0.73007,0,16
780,0.72788,0,17
781,0.59934,0,17
782,0.64762,0,16
783,0.64031,0,13
784,0.63764,0,17
785,0.65636,0,18
786,0.64201,0,13
787,0.62827,0,17
788,0.6242,0,15
789,0.61562,0,15
790,0.6203,0,17
791,0.63998,0,15
792,0.6248,0,16
793,0.61406,0,15
794,0.61375,0,13
795,0.61273,0,15
796,0.63208,0,17
797,0.60302,0,13
798,0.5939,0,12
799,0.60145,0,13
800,0.60064,0,11
801,0.62958,0,12
802,0.61258,0,12
803,0.6076,0,12
804,0.62699,0,13
805,0.64737,0,17
806,0.65659,0,18
807,0.60747,0,15
808,0.66146,0,15
809,0.63627,0,17
810,0.61366,0,15
811,0.61916,0,17
812,0.60586,0,15
813,0.6048,0,14
814,0.60106,0,13
815,0.60153,0,15
816,0.60569,0,15
817,0.61053,0,17
818,0.60306,0,13
819,0.57766,0,18
820,0.60478,0,12
821,0.58965,0,13
822,0.61446,0,12
823,0.62952,0,13
824,0.62651,0,12
825,0.64472,0,18
826,0.60967,0,15
827,0.60506,0,11
828,0.60656,0,17
829,0.60314,0,15
830,0.59655,0,13
831,0.59341,0,15
832,0.59227,0,15
833,0.58963,0,14
834,0.58736,0,16
835,0.58729,0,14
836,0.58867,0,15
837,0.58984,0,12
838,0.59146,0,15
839,0.59425,0,15
840,0.59443,0,13
841,0.59325,0,15
842,0.59105,0,11
843,0.59324,0,15
844,0.59264,0,14
845,0.58507,0,17
846,0.58566,0,15
847,0.60751,0,15
848,0.58442,0,12
849,0.58201,0,15
850,0.63166,0,18
851,0.63556,0,17
852,0.61353,0,13
853,0.59864,0,15
854,0.58415,0,14
855,0.57778,0,14
856,0.57527,0,12
857,0.56249,0,11
858,0.55994,0,14
859,0.56341,0,13
860,0.57158,0,12
861,0.56639,0,13
862,0.54742,0,13
863,0.54967,0,13
864,0.55852,0,14
865,0.5651,0,14
866,0.55926,0,12
867,0.62802,0,18
868,0.64377,0,18
869,0.59106,0,15
870,0.58809,0,17
871,0.58794,0,15
872,0.59936,0,13
873,0.58568,0,17
874,0.56954,0,13
875,0.58795,0,16
876,0.58177,0,14
877,0.58393,0,18
878,0.57816,0,17
879,0.5717,0,13
880,0.58318,0,17
881,0.57405,0,15
882,0.57592,0,17
883,0.57067,0,18
884,0.55722,0,15
885,0.58584,0,13
886,0.57031,0,15
887,0.56384,0,17
888,0.52877,0,13
889,0.55516,0,10
890,0.5467,0,15
891,0.58446,0,17
892,0.5903,0,17
893,0.58046,0,16
894,0.56852,0,13
895,0.52966,0,11
896,0.5409,0,12
897,0.58875,0,18
898,0.58278,0,15
899,0.57392,0,15
900,0.57069,0,14
901,0.57028,0,15
902,0.5798,0,18
903,0.55101,0,13
904,0.55167,0,13
905,0.54275,0,15
906,0.54543,0,12
907,0.54758,0,16
908,0.5483,0,13
909,0.54866,0,14
910,0.54643,0,13
911,0.54495,0,13
912,0.54408,0,15
913,0.54753,0,13
914,0.54518,0,13
915,0.54682,0,14
916,0.54627,0,14
917,0.54791,0,16
918,0.542,0,14
919,0.53604,0,13
920,0.54531,0,13
921,0.52526,0,13
922,0.51831,0,13
923,0.53969,0,13
924,0.53764,0,14
925,0.53157,0,12
926,0.53021,0,14
927,0.52081,0,13
928,0.54132,0,15
929,0.52806,0,12
930,0.53065,0,11
931,0.52665,0,28
932,0.53852,0,14
933,0.52755,0,13
934,0.52329,0,12
935,0.5382,0,16
936,0.53419,0,12
937,0.52591,0,12
938,0.5174,0,12
939,0.51963,0,11
940,0.51877,0,12
941,0.5242,0,14
942,0.52013,0,13
943,0.52083,0,12
944,0.52093,0,11
945,0.51826,0,10
946,0.51938,0,11
947,0.52,0,13
948,0.52262,0,13
949,0.52284,0,14
950,0.49704,0,9
951,0.51958,0,13
952,0.51943,0,15
953,0.51451,0,15
954,0.51728,0,13
955,0.51743,0,12
956,0.51397,0,12
957,0.50746,0,12
958,0.51246,0,13
959,0.50864,0,12
960,0.50868,0,12
961,0.52539,0,17
962,0.51978,0,12
963,0.50993,0,13
964,0.50728,0,12
965,0.50563,0,12
966,0.50639,0,12
967,0.50517,0,13
968,0.50207,0,12
969,0.50285,0,11
970,0.5139,0,14
971,0.49874,0,11
972,0.49358,0,12
973,0.51893,0,14
974,0.50526,0,12
975,0.50381,0,13
976,0.49447,0,13
977,0.49711,0,12
978,0.49139,0,11
979,0.48301,0,9
980,0.50118,0,12
981,0.40492,0,8
982,0.58068,0,17
983,0.49107,0,11
984,0.50479,0,13
985,0.49411,0,11
986,0.49021,0,12
987,0.45798,0,8
988,0.51719,0,16
989,0.46884,0,8
990,0.5005,0,8
991,0.48454,0,10
992,0.48008,0,13
993,0.50299,0,12
994,0.45008,0,8
995,0.50762,0,16
996,0.46686,0,8
997,0.49583,0,16
998,0.47574,0,8
999,0.48627,0,15
1000,0.47775,0,8
1001,0.47494,0,7
1002,0.27001,0,6
1003,0.49978,0,4
1004,0.416,0,6
1005,0.4395,0,5
1006,0.47282,0,5
1007,0.4473,0,5
1008,0.45113,0,4
1009,0.4729,0,4
1010,0.35889,0,6
1011,0.42349,0,7
1012,0.49634,0,5
1013,0.43569,0,3
1014,0.42256,0,7
1015,0.42971,0,4
1016,0.43235,0,0
1017,0.45243,0,10
1018,0.45783,0,10
1019,0.44824,0,13
1020,0.4395,0,10
1021,0.43683,0,9
1022,0.42849,0,9
1023,0.44699,0,11
1024,0.46075,0,10
1025,0.45558,0,9
1026,0.45012,0,10
1027,0.44758,0,10
1028,0.45147,0,10
1029,0.44541,0,9
1030,0.4424,0,9
1031,0.43895,0,8
1032,0.44308,0,9
1033,0.45031,0,10
1034,0.45217,0,9
1035,0.45823,0,10
1036,0.45951,0,11
1037,0.45597,0,10
1038,0.45256,0,9
1039,0.45047,0,10
1040,0.45359,0,9
1041,0.4531,0,10
1042,0.44706,0,9
1043,0.44721,0,10
1044,0.44717,0,9
1045,0.44792,0,10
1046,0.45648,0,18
1047,0,0,0
1048,0.59838,0,10
1049,0.58879,0,7
1050,0.48567,0,9
1051,0.44346,0,10
1052,0.4425,0,11
1053,0.45508,0,10
1054,0.45955,0,10
1055,0.45698,0,460
1056,0.44665,0,10
1057,0.44799,0,11
1058,0.45159,0,11
1059,0.45044,0,11
1060,0.45157,0,10
1061,0.44501,0,10
1062,0.45205,0,20
1063,0.45799,0,10
1064,0.45899,0,10
1065,0.46259,0,11
1066,0.46263,0,12
1067,0.45013,0,10
1068,0.42784,0,11
1069,0.50475,0,10
1070,0.46972,0,12
1071,0.48974,0,16
1072,0.48869,0,11
1073,0.45336,0,12
1074,0.49116,0,9
1075,0.52471,0,16
1076,0.50782,0,13
1077,0.48475,0,16
1078,0.50475,0,15
1079,0.50291,0,15
1080,0.5048,0,15
1081,0.49959,0,15
1082,0.48031,0,16
1083,0.45263,0,14
1084,0.51001,0,14
1085,0.4687,0,12
1086,0.48443,0,13
1087,0.48766,0,13
1088,0.48756,0,14
1089,0.48848,0,13
1090,0.48488,0,13
1091,0.48223,0,12
1092,0.47685,0,13
1093,0.48808,0,15
1094,0.48216,0,13
1095,0.48386,0,10
1096,0.4791,0,11
1097,0.47976,0,15
1098,0.47597,0,13
1099,0.47783,0,13
1100,0.47804,0,13
1101,0.47499,0,13
1102,0.47337,0,13
1103,0.47159,0,13
1104,0.47062,0,12
1105,0.46981,0,13
1106,0.46747,0,12
1107,0.46824,0,14
1108,0.4669,0,11
1109,0.4689,0,14
1110,0.46801,0,12
1111,0.46641,0,13
1112,0.46414,0,13
1113,0.46366,0,13
1114,0.46175,0,12
1115,0.45967,0,14
1116,0.45178,0,12
1117,0.44842,0,10
1118,0.44637,0,11
1119,0.45126,0,12
1120,0.45101,0,11
1121,0.45015,0,13
1122,0.45411,0,11
1123,0.45081,0,12
1124,0.4514,0,15
1125,0.45148,0,13
1126,0.45291,0,13
1127,0.45241,0,11
1128,0.45111,0,11
1129,0.44849,0,12
1130,0.4486,0,12
1131,0.44751,0,10
1132,0.44564,0,11
1133,0.44549,0,10
1134,0.4446,0,10
1135,0.44339,0,10
1136,0.44282,0,10
1137,0.44514,0,12
1138,0.44541,0,10
1139,0.44312,0,10
1140,0.44227,0,12
1141,0.43609,0,10
1142,0.43983,0,12
1143,0.43756,0,11
1144,0.43723,0,11
1145,0.43745,0,13
1146,0.43768,0,11
1147,0.43758,0,11
1148,0.43872,0,11
1149,0.43754,0,10
1150,0.43804,0,12
1151,0.4371,0,10
1152,0.43825,0,12
1153,0.44366,0,12
1154,0.44402,0,10
1155,0.44376,0,12
1156,0.44557,0,12
1157,0.44376,0,12
1158,0.4405,0,11
1159,0.43831,0,11
1160,0.45533,0,10
1161,0.4355,0,10
1162,0.43865,0,12
1163,0.43676,0,12
1164,0.43401,0,11
1165,0.42964,0,11
1166,0.43203,0,12
1167,0.43373,0,11
1168,0.4328,0,11
1169,0.43174,0,11
1170,0.43059,0,10
1171,0.43249,0,11
1172,0.43066,0,11
1173,0.43061,0,11
1174,0.43121,0,12
1175,0.43104,0,11
1176,0.42807,0,11
1177,0.43006,0,11
1178,0.42842,0,10
1179,0.42789,0,10
1180,0.42774,0,11
1181,0.4273,0,11
1182,0.42636,0,11
1183,0.42621,0,11
1184,0.42429,0,11
1185,0.42435,0,11
1186,0.42418,0,11
1187,0.42279,0,11
1188,0.42361,0,12
1189,0.42384,0,11
1190,0.42342,0,10
1191,0.42218,0,10
1192,0.42096,0,10
1193,0.4202,0,11
1194,0.42047,0,11
1195,0.42004,0,11
1196,0.41923,0,11
1197,0.41865,0,11
1198,0.41661,0,12
1199,0.41614,0,10
1200,0.4145,0,10
1201,0.41096,0,9
1202,0.40802,0,10
1203,0.41015,0,10
1204,0.42752,0,11
1205,0.42109,0,13
1206,0.42012,0,11
1207,0.42052,0,11
1208,0.42634,0,12
1209,0.42335,0,11
1210,0.41715,0,10
1211,0.41679,0,10
1212,0.41736,0,9
1213,0.41384,0,10
1214,0.41137,0,10
1215,0.4029,0,10
1216,0.40971,0,12
1217,0.40791,0,10
1218,0.41046,0,10
1219,0.38498,0,8
1220,0.41924,0,13
1221,0.42677,0,12
1222,0.42699,0,12
1223,0.42648,0,11
1224,0.42261,0,12
1225,0.42205,0,11
1226,0.42112,0,12
1227,0.41977,0,11
1228,0.41823,0,11
1229,0.41638,0,12
1230,0.41681,0,12
1231,0.41528,0,11
1232,0.42078,0,11
1233,0.42434,0,10
1234,0.42236,0,11
1235,0.41798,0,11
1236,0.41753,0,12
1237,0.41619,0,13
1238,0.41449,0,11
1239,0.41586,0,11
1240,0.41508,0,11
1241,0.41426,0,11
1242,0.41341,0,10
1243,0.41211,0,10
1244,0.41072,0,10
1245,0.41265,0,11
1246,0.40667,0,10
1247,0.4116,0,11
1248,0.41103,0,12
1249,0.41052,0,11
1250,0.40985,0,11
1251,0.40928,0,11
1252,0.40875,0,11
1253,0.40731,0,10
1254,0.40773,0,11
1255,0.40688,0,12
1256,0.4069,0,11
1257,0.40646,0,11
1258,0.40582,0,25
1259,0.40537,0,11
1260,0.40479,0,11
1261,0.40424,0,11
1262,0.40381,0,10
1263,0.40371,0,11
1264,0.40265,0,8
1265,0.40236,0,10
1266,0.40145,0,11
1267,0.40165,0,11
1268,0.39823,0,10
1269,0.39696,0,11
1270,0.39726,0,12
1271,0.39725,0,10
1272,0.3976,0,11
1273,0.39696,0,10
1274,0.39669,0,10
1275,0.39619,0,10
1276,0.39904,0,11
1277,0.39901,0,11
1278,0.39693,0,10
1279,0.39483,0,10
1280,0.3946,0,10
1281,0.39385,0,11
1282,0.39419,0,10
1283,0.39359,0,11
1284,0.39244,0,11
1285,0.392,0,10
1286,0.37518,0,11
1287,0.39083,0,11
1288,0.38602,0,10
1289,0.38569,0,8
1290,0.39019,0,10
1291,0.39156,0,8
1292,0.3918,0,10
1293,0.38957,0,11
1294,0.38596,0,10
1295,0.38695,0,8
1296,0.38509,0,10
1297,0.38536,0,10
1298,0.38511,0,11
1299,0.38364,0,10
1300,0.38447,0,10
1301,0.38314,0,10
1302,0.38319,0,10
1303,0.38171,0,10
1304,0.38167,0,11
1305,0.38268,0,10
1306,0.38312,0,11
1307,0.38291,0,9
1308,0.38199,0,10
1309,0.38197,0,10
1310,0.38201,0,10
1311,0.3825,0,10
1312,0.38082,0,10
1313,0.38102,0,11
1314,0.41547,0,13
1315,0.40795,0,11
1316,0.4146,0,10
1317,0.40833,0,10
1318,0.40325,0,11
1319,0.40122,0,11
1320,0.39811,0,14
1321,0.39699,0,8
1322,0.39677,0,10
1323,0.39105,0,8
1324,0.3952,0,11
1325,0.39501,0,8
1326,0.39415,0,10
1327,0.392,0,9
1328,0.38731,0,11
1329,0.38526,0,8
1330,0.38277,0,10
1331,0.37862,0,8
1332,0.37717,0,9
1333,0.37484,0,10
1334,0.37317,0,11
1335,0.37131,0,9
1336,0.36913,0,9
1337,0.3604,0,10
1338,0.36534,0,9
1339,0.37235,0,10
1340,0.35034,0,10
1341,0.33497,0,5
1342,0.38218,0,12
1343,0.31444,0,5
1344,0.39045,0,13
1345,0.32043,0,4
1346,0.35624,0,3
1347,0.34963,0,5
1348,0.3081,0,9
1349,0.40203,0,10
1350,0.31899,0,5
1351,0.32257,0,12
1352,0.37873,0,6
1353,0.29758,0,8
1354,0.38131,0,15
1355,0.34335,0,3
1356,0.30768,0,4
1357,0.38405,0,15
1358,0.33174,0,3
1359,0.30255,0,4
1360,0.37481,0,17
1361,0.33458,0,3
1362,0.303,0,4
1363,0.28814,0,6
1364,0.39978,0,10
1365,0.32245,0,6
1366,0.2909,0,5
1367,0.37311,0,9
1368,0.32462,0,3
1369,0.29952,0,6
1370,0.45681,0,9
1371,0.38886,0,16
1372,0.39576,0,8
1373,0.3942,0,15
1374,0.38802,0,18
1375,0.39345,0,11
1376,0.39443,0,12
1377,0.3968,0,13
1378,0.39083,0,15
1379,0.38607,0,14
1380,0.38415,0,16
1381,0.38239,0,10
1382,0.3792,0,11
1383,0.37729,0,10
1384,0.37665,0,13
1385,0.3742,0,10
1386,0.37342,0,10
1387,0.36998,0,11
1388,0.37311,0,10
1389,0.37048,0,11
1390,0.36776,0,10
1391,0.36664,0,11
1392,0.36672,0,9
1393,0.36614,0,11
1394,0.36528,0,10
1395,0.36538,0,10
1396,0.36477,0,13
1397,0.36379,0,10
1398,0.36403,0,9
1399,0.36303,0,10
1400,0.36185,0,10
1401,0.3605,0,10
1402,0.36013,0,10
1403,0.35929,0,13
1404,0.35913,0,10
1405,0.35886,0,9
1406,0.35813,0,10
1407,0.35871,0,9
1408,0.35742,0,10
1409,0.35718,0,9
1410,0.35664,0,11
1411,0.35576,0,10
1412,0.35526,0,9
1413,0.35461,0,12
1414,0.35294,0,10
1415,0.3529,0,9
1416,0.3505,0,13
1417,0.35479,0,10
1418,0.35369,0,13
1419,0.3537,0,12
1420,0.35271,0,9
1421,0.35256,0,10
1422,0.35178,0,8
1423,0.3507,0,12
1424,0.35105,0,9
1425,0.35057,0,10
1426,0.35051,0,9
1427,0.34965,0,8
1428,0.34925,0,9
1429,0.30844,0,5
1430,0.33805,0,4
1431,0.32461,0,4
1432,0.34136,0,6
1433,0.34044,0,9
1434,0.33761,0,9
1435,0.34622,0,10
1436,0.34245,0,9
1437,0.34547,0,9
1438,0.34355,0,10
1439,0.34289,0,8
1440,0.34211,0,10
1441,0.34216,0,8
1442,0.33582,0,9
1443,0.34176,0,10
1444,0.34427,0,9
1445,0.34595,0,9
1446,0.34315,0,8
1447,0.34208,0,12
1448,0.34101,0,10
1449,0.34001,0,9
1450,0.33616,0,10
1451,0.33536,0,8
1452,0.33708,0,9
1453,0.33692,0,10
1454,0.33734,0,8
1455,0.33665,0,13
1456,0.3378,0,10
1457,0.33793,0,10
1458,0.33744,0,8
1459,0.33707,0,8
1460,0.3368,0,6
1461,0.33613,0,8
1462,0.33619,0,3
1463,0.33521,0,6
1464,0.33553,0,8
1465,0.33481,0,8
1466,0.33374,0,8
1467,0.33274,0,9
1468,0.33308,0,8
1469,0.33193,0,9
1470,0.33238,0,8
1471,0.3322,0,8
1472,0.33311,0,10
1473,0.33284,0,8
1474,0.33113,0,9
1475,0.33086,0,8
1476,0.33035,0,8
1477,0.33025,0,8
1478,0.32996,0,10
1479,0.32925,0,8
1480,0.32838,0,33
1481,0.32813,0,9
1482,0.32778,0,8
1483,0.32757,0,9
1484,0.33126,0,8
1485,0.3282,0,9
1486,0.32726,0,8
1487,0.32497,0,9
1488,0.32624,0,16
1489,0.31998,0,8
1490,0.31274,0,7
1491,0.31512,0,8
1492,0.31736,0,9
1493,0.32196,0,7
1494,0.32174,0,8
1495,0.31956,0,9
1496,0.31954,0,7
1497,0.31713,0,9
1498,0.31787,0,7
1499,0.31655,0,11
1500,0.31606,0,7
1501,0.31686,0,9
1502,0.31775,0,8
1503,0.32105,0,9
1504,0.32161,0,7
1505,0.32021,0,6
1506,0.31809,0,6
1507,0.32105,0,10
1508,0.32048,0,10
1509,0.31713,0,6
1510,0.31484,0,10
1511,0.31787,0,7
1512,0.315,0,6
1513,0.30912,0,10
1514,0.30629,0,7
1515,0.31033,0,6
1516,0.31006,0,6
1517,0.31328,0,8
1518,0.31279,0,9
1519,0.30935,0,7
1520,0.31026,0,7
1521,0.30978,0,14
1522,0.3125,0,7
1523,0.3076,0,13
1524,0.32211,0,8
1525,0.3095,0,8
1526,0.30902,0,6
1527,0.31035,0,7
1528,0.30915,0,7
1529,0.3224,0,9
1530,0.32582,0,10
1531,0.32271,0,10
1532,0.31952,0,8
1533,0.31752,0,8
1534,0.31724,0,8
1535,0.3171,0,8
1536,0.3155,0,10
1537,0.31585,0,8
1538,0.31547,0,8
1539,0.31462,0,8
1540,0.31441,0,9
1541,0.3139,0,7
1542,0.31327,0,9
1543,0.31354,0,11
1544,0.31219,0,7
1545,0.31196,0,9
1546,0.31192,0,9
1547,0.31161,0,7
1548,0.30998,0,8
1549,0.31143,0,7
1550,0.30918,0,8
1551,0.30911,0,9
1552,0.31007,0,8
1553,0.30954,0,9
1554,0.31036,0,8
1555,0.30942,0,9
1556,0.30966,0,8
1557,0.3081,0,10
1558,0.30728,0,7
1559,0.30626,0,8
1560,0.31256,0,7
1561,0.31332,0,7
1562,0.19143,0,3
1563,0.32935,0,4
1564,0.302,0,5
1565,0.28327,0,5
1566,0.3093,0,8
1567,0.30032,0,8
1568,0.30527,0,7
1569,0.30858,0,9
1570,0.30591,0,9
1571,0.30466,0,8
1572,0.31683,0,10
1573,0.31646,0,10
1574,0.3123,0,8
1575,0.35243,0,9
1576,0.31448,0,9
1577,0.31207,0,8
1578,0.31146,0,8
1579,0.31046,0,8
1580,0.31006,0,8
1581,0.30788,0,7
1582,0.30974,0,9
1583,0.31096,0,12
1584,0.34098,0,9
1585,0.28023,0,4
1586,0.29282,0,7
1587,0.32192,0,7
1588,0.27194,0,5
1589,0.2767,0,6
1590,0.27263,0,7
1591,0.32619,0,9
1592,0.29472,0,5
1593,0.30754,0,9
1594,0.3236,0,2
1595,0.25563,0,5
1596,0.34624,0,9
1597,0.25892,0,6
1598,0.32169,0,10
1599,0.30181,0,8
1600,0.32301,0,10
1601,0.31558,0,8
1602,0.30671,0,8
1603,0.30417,0,8
1604,0.30308,0,8
1605,0.28774,0,6
1606,0.30558,0,8
1607,0.29639,0,7
1608,0.29711,0,9
1609,0.29906,0,7
1610,0.29495,0,9
1611,0.29662,0,7
1612,0.28992,0,7
1613,0.29096,0,7
1614,0.29003,0,7
1615,0.29429,0,7
1616,0.29498,0,8
1617,0.29691,0,7
1618,0.29831,0,9
1619,0.29361,0,8
1620,0.29476,0,7
1621,0.29646,0,7
1622,0.29548,0,8
1623,0.29469,0,7
1624,0.26296,0,5
1625,0.24291,0,4
1626,0.33183,0,3
1627,0.29566,0,5
1628,0.28975,0,7
1629,0.2944,0,6
1630,0.29059,0,7
1631,0.2886,0,6
1632,0.28793,0,7
1633,0.28751,0,8
1634,0.28724,0,7
1635,0.28733,0,7
1636,0.2832,0,8
1637,0.28798,0,7
1638,0.28656,0,8
1639,0.28674,0,6
1640,0.3021,0,5
1641,0.29537,0,6
1642,0.29086,0,8
1643,0.30097,0,8
1644,0.29319,0,8
1645,0.29258,0,8
1646,0.29236,0,12
1647,0.29095,0,9
1648,0.29478,0,8
1649,0.29294,0,8
1650,0.27948,0,7
1651,0.29083,0,8
1652,0.2903,0,7
1653,0.28965,0,8
1654,0.28912,0,7
1655,0.28896,0,7
1656,0.28815,0,8
1657,0.28736,0,6
1658,0.28681,0,8
1659,0.28694,0,7
1660,0.28613,0,11
1661,0.28651,0,7
1662,0.28641,0,7
1663,0.28589,0,7
1664,0.28534,0,8
1665,0.28505,0,7
1666,0.28533,0,7
1667,0.28455,0,7
1668,0.28439,0,8
1669,0.2848,0,6
1670,0.28397,0,7
1671,0.28353,0,11
1672,0.2831,0,8
1673,0.28313,0,7
1674,0.28205,0,7
1675,0.28065,0,6
1676,0.28087,0,7
1677,0.28065,0,7
1678,0.28037,0,10
1679,0.28004,0,7
1680,0.27308,0,5
1681,0.27721,0,8
1682,0.27709,0,6
1683,0.28083,0,8
1684,0.27944,0,7
1685,0.28101,0,7
1686,0.27898,0,6
1687,0.27993,0,7
1688,0.27714,0,7
1689,0.27864,0,7
1690,0.27725,0,12
1691,0.27864,0,7
1692,0.277,0,7
1693,0.26241,0,6
1694,0.23524,0,6
1695,0.25778,0,4
1696,0.26964,0,6
1697,0.25926,0,3
1698,0.27155,0,8
1699,0.26954,0,7
1700,0.26763,0,10
1701,0.2429,0,6
1702,0.28364,0,3
1703,0.2714,0,9
1704,0.26996,0,6
1705,0.26588,0,6
1706,0.27161,0,6
1707,0.27084,0,12
1708,0.27018,0,6
1709,0.27615,0,7
1710,0.27353,0,7
1711,0.27667,0,8
1712,0.27456,0,8
1713,0.27378,0,6
1714,0.27266,0,7
1715,0.27016,0,6
1716,0.27147,0,8
1717,0.2702,0,10
1718,0.27255,0,6
1719,0.27181,0,8
1720,0.27012,0,6
1721,0.26997,0,6
1722,0.2696,0,6
1723,0.26942,0,8
1724,0.27121,0,8
1725,0.27062,0,9
1726,0.26953,0,8
1727,0.26938,0,8
1728,0.26887,0,7
1729,0.26792,0,6
1730,0.26595,0,6
1731,0.26818,0,7
1732,0.26982,0,7
1733,0.26912,0,7
1734,0.26855,0,6
1735,0.2681,0,7
1736,0.26786,0,7
1737,0.26664,0,7
1738,0.26792,0,6
1739,0.26727,0,7
1740,0.26762,0,13
1741,0.26708,0,6
1742,0.26695,0,6
1743,0.11596,0,8
1744,0.24472,0,3
1745,0.28612,0,3
1746,0.269,0,3
1747,0.26265,0,4
1748,0.25379,0,4
1749,0.25963,0,4
1750,0.26439,0,6
1751,0.25937,0,6
1752,0.25816,0,6
1753,0.25783,0,6
1754,0.25805,0,6
1755,0.25756,0,7
1756,0.25716,0,6
1757,0.25817,0,12
1758,0.25639,0,6
1759,0.2594,0,6
1760,0.25647,0,6
1761,0.25651,0,6
1762,0.25626,0,12
1763,0.25278,0,6
1764,0.25432,0,6
1765,0.25094,0,6
1766,0.25026,0,5
1767,0.25478,0,6
1768,0.25408,0,5
1769,0.25196,0,6
1770,0.2526,0,6
1771,0.24719,0,5
1772,0.24385,0,6
1773,0.23394,0,4
1774,0.23506,0,4
1775,0.23569,0,5
1776,0.23201,0,5
1777,0.23382,0,5
1778,0.2229,0,8
1779,0.23163,0,5
1780,0.22654,0,4
1781,0.21749,0,6
1782,0.19639,0,2
1783,0.21394,0,4
1784,0.21619,0,6
1785,0.17791,0,2
1786,0.22426,0,2
1787,0.10045,0,5
1788,0.22693,0,0
1789,0.26748,0,3
1790,0.2224,0,1
1791,0.188,0,4
1792,0.21037,0,0
1793,0.14002,0,0
1794,0.29466,0,10
1795,0.20965,0,0
1796,0.1435,0,0
1797,0.3078,0,10
1798,0.21986,0,0
1799,0.14959,0,0
1800,0.28881,0,12
1801,0.21409,0,0
1802,0.36787,0,18
1803,0.2401,0,5
1804,0.35682,0,11
1805,0.28956,0,15
1806,0.28214,0,7
1807,0.27621,0,6
1808,0.27605,0,6
1809,0.27093,0,7
1810,0.26886,0,7
1811,0.26589,0,8
1812,0.2641,0,7
1813,0.26228,0,7
1814,0.25577,0,7
1815,0.25762,0,6
1816,0.26254,0,7
1817,0.25743,0,6
1818,0.26344,0,7
1819,0.25512,0,7
1820,0.25356,0,12
1821,0.23339,0,6
1822,0.24946,0,4
1823,0.25965,0,7
1824,0.25712,0,6
1825,0.22415,0,8
1826,0.257,0,8
1827,0.25217,0,5
1828,0.26878,0,10
1829,0.25022,0,6
1830,0.25774,0,5
1831,0.23924,0,6
1832,0.24709,0,3
1833,0.25537,0,8
1834,0.26125,0,5
1835,0.25308,0,7
1836,0.25269,0,7
1837,0.25074,0,7
1838,0.2553,0,5
1839,0.25344,0,13
1840,0.24325,0,7
1841,0.23008,0,4
1842,0.27398,0,5
1843,0.25013,0,6
1844,0.2505,0,6
1845,0.25292,0,8
1846,0.24417,0,7
1847,0.24838,0,6
1848,0.23036,0,8
1849,0.2539,0,3
1850,0.23658,0,8
1851,0.26235,0,3
1852,0.24561,0,7
1853,0.25071,0,6
1854,0.23755,0,7
1855,0.24219,0,6
1856,0.25142,0,7
1857,0.24884,0,6
1858,0.24966,0,6
1859,0.2524,0,12
1860,0.245,0,6
1861,0.24457,0,4
1862,0.23969,0,1
1863,0.2213,0,7
1864,0.20404,0,6
1865,0.27644,0,5
1866,0.24666,0,5
1867,0.25107,0,7
1868,0.24573,0,5
1869,0.24523,0,6
1870,0.24353,0,13
1871,0.23695,0,8
1872,0.23306,0,6
1873,0.22109,0,6
1874,0.24736,0,3
1875,0.25667,0,4
1876,0.23708,0,7
1877,0.24408,0,7
1878,0.23706,0,6
1879,0.23836,0,6
1880,0.23533,0,6
1881,0.23992,0,7
1882,0.24908,0,6
1883,0.24038,0,7
1884,0.21585,0,5
1885,0.20758,0,3
1886,0.2732,0,5
1887,0.22719,0,6
1888,0.23437,0,6
1889,0.24878,0,5
1890,0.25272,0,6
1891,0.24172,0,6
1892,0.23176,0,6
1893,0.23613,0,7
1894,0.23917,0,3
1895,0.23728,0,10
1896,0.21399,0,3
1897,0.24141,0,7
1898,0.19378,0,0
1899,0.23431,0,8
1900,0.25347,0,2
1901,0.16074,0,0
1902,0.26767,0,9
1903,0.19806,0,0
1904,0.13554,0,0
1905,0.29581,0,9
1906,0.17888,0,2
1907,0.12387,0,0
1908,0.30903,0,10
1909,0.17501,0,0
1910,0.12198,0,0
1911,0.29017,0,10
1912,0.19309,0,0
1913,0.138,0,0
1914,0.10728,0,0
1915,0.26955,0,13
1916,0.23979,0,0
1917,0.14973,0,1
1918,0.12144,0,2
1919,0.27736,0,11
1920,0.22047,0,2
1921,0.14874,0,2
1922,0.10584,0,1
1923,0.27199,0,18
1924,0.31284,0,7
1925,0.27068,0,7
1926,0.27191,0,8
1927,0.24179,0,14
1928,0.25593,0,6
1929,0.2481,0,8
1930,0.25648,0,5
1931,0.23802,0,6
1932,0.25278,0,7
1933,0.26526,0,12
1934,0.25014,0,5
1935,0.24038,0,7
1936,0.23751,0,6
1937,0.24079,0,6
1938,0.22423,0,7
1939,0.24558,0,6
1940,0.20261,0,3
1941,0,0,0
1942,0,0,0
1943,0,0,0
1944,0,0,0
1945,0.51894,0,8.3
1946,0.3731,0,3
1947,0.27877,0,3
1948,0.30269,0,6
1949,0.25614,0,6
1950,0.24317,0,8
1951,0.27488,0,2
1952,0.22866,0,2
1953,0.25273,0,16
1954,0.25114,0,5
1955,0.17402,0,4
1956,0.1832,0,4
1957,0.25323,0,5
1958,0.20824,0,5
1959,0.2257,0,5
1960,0.26703,0,2
1961,0.18892,0,5
1962,0.23955,0,10
1963,0.19386,0,4
1964,0.26724,0,5
1965,0.24199,0,4
1966,0.19136,0,5
1967,0.21501,0,3
1968,0.29428,0,8
1969,0.22152,0,8
1970,0.20856,0,3
1971,0.19034,0,2
1972,0.29672,0,9
1973,0.20372,0,5
1974,0.20521,0,5
1975,0.24571,0,7
1976,0.22265,0,6
1977,0.17896,0,6
1978,0.28409,0,6
1979,0.25923,0,6
1980,0.18809,0,5
1981,0.25151,0,5
1982,0.25345,0,7
1983,0.17253,0,3
1984,0.24666,0,6
1985,0.24649,0,5
1986,0.18956,0,3
1987,0.19909,0,6
1988,0.26375,0,8
1989,0.2205,0,5
1990,0.25722,0,7
1991,0.17216,0,5
1992,0.25769,0,10
1993,0.19437,0,3
1994,0.27316,0,6
1995,0.17987,0,4
1996,0.27114,0,5
1997,0.23888,0,5
1998,0.25347,0,4
1999,0.23812,0,8
2000,0.23846,0,3
2001,0.22144,0,7
2002,0.30868,0,6
2003,0.19201,0,7
2004,0.17824,0,6
2005,0.18952,0,8
2006,0.19841,0,6
2007,0.20524,0,8
2008,0.19707,0,7
2009,0.22036,0,4
2010,0.18021,0,6
2011,0.23907,0,8
2012,0.20502,0,7
2013,0.19371,0,9
2014,0.20515,0,0
2015,0.19599,0,8
2016,0.19824,0,4
2017,0.17673,0,3
2018,0.18587,0,7
2019,0.11211,0,0
2020,0.21081,0,8
2021,0.18065,0,2
2022,0.07439,0,6
2023,0.23156,0,3
2024,0.03194,0,0
2025,0.20248,0,10
2026,0.27781,0,11
2027,0.20912,0,11
2028,0.19393,0,5
2029,0.19039,0,3
2030,0.20225,0,5
2031,0.27714,0,5
2032,0.19498,0,8
2033,0.19275,0,5
2034,0.19319,0,3
2035,0.27511,0,5
2036,0.20562,0,6
2037,0.18884,0,3
2038,0.18994,0,5
2039,0.27586,0,7
2040,0.20687,0,5
2041,0.19272,0,4
2042,0.19244,0,4
2043,0.20766,0,3
2044,0.27374,0,8
2045,0.19926,0,3
2046,0.1899,0,3
2047,0.19169,0,6
2048,0.28344,0,3
2049,0.19627,0,6
2050,0.19138,0,6
2051,0.19045,0,6
2052,0.28215,0,6
2053,0.18554,0,3
2054,0.18516,0,6
2055,0.19718,0,3
2056,0.23542,0,5
2057,0.11633,0,2
2058,0.25227,0,3
2059,0.12572,0,2
2060,0.24031,0,6
2061,0.22785,0,5
2062,0.12552,0,2
2063,0.12969,0,2
2064,0.26155,0,3
2065,0.13032,0,3
2066,0.25936,0,6
2067,0.12272,0,2
2068,0.24092,0,3
2069,0.23386,0,5
2070,0.15584,0,2
2071,0.24944,0,6
2072,0.12668,0,2
2073,0.22802,0,3
2074,0.25397,0,5
2075,0.12231,0,2
2076,0.24958,0,3
2077,0.23254,0,8
2078,0.14032,0,2
2079,0.25411,0,5
2080,0.19932,0,3
2081,0.22571,0,5
2082,0.20772,0,3
2083,0.1173,0,2
2084,0.22559,0,6
2085,0.21369,0,2
2086,0.20461,0,3
2087,0.24363,0,5
2088,0.23671,0,3
2089,0.21895,0,8
2090,0.18932,0,3
2091,0.1861,0,1
2092,0.18868,0,3
2093,0.2106,0,3
2094,0.17956,0,1
2095,0.22134,0,5
2096,0.18224,0,3
2097,0.18282,0,3
2098,0.21717,0,3
2099,0.15841,0,3
2100,0.2154,0,5
2101,0.16471,0,3
2102,0.22526,0,0
2103,0.17482,0,6
2104,0.23612,0,5
2105,0.22431,0,8
2106,0.2178,0,6
2107,0.16682,0,3
2108,0.23435,0,6
2109,0.20756,0,5
2110,0.18462,0,6
2111,0.18121,0,3
2112,0.26938,0,5
2113,0.16534,0,3
2114,0.17665,0,3
2115,0.27757,0,8
2116,0.18957,0,3
2117,0.18742,0,3
2118,0.18501,0,3
2119,0.18647,0,6
2120,0.22026,0,5
2121,0.23093,0,3
2122,0.20403,0,3
2123,0.17762,0,3
2124,0.18265,0,5
2125,0.18172,0,5
2126,0.25741,0,5
2127,0.19218,0,3
2128,0.17887,0,2
2129,0.21623,0,8
2130,0.23402,0,3
2131,0.26815,0,5
2132,0.28311,0,3
2133,0.22011,0,6
2134,0.21437,0,3
2135,0.316,0,5
2136,0.19662,0,3
2137,0.28264,0,5
2138,0.2416,0,5
2139,0.2253,0,3
2140,0.21239,0,5
2141,0.31538,0,2
2142,0.20053,0,3
2143,0.26817,0,6
2144,0.2858,0,5
2145,0.22932,0,3
2146,0.21211,0,3
2147,0.29483,0,8
2148,0.22664,0,3
2149,0.20711,0,3
2150,0.28994,0,5
2151,0.24066,0,2
2152,0.28077,0,6
2153,0.2011,0,3
2154,0.20563,0,3
2155,0.30545,0,3
2156,0.21625,0,6
2157,0.2616,0,3
2158,0.2143,0,6
2159,0.21461,0,5
2160,0.31297,0,3
2161,0.20236,0,1
2162,0.27958,0,5
2163,0.20189,0,5
2164,0.28334,0,5
2165,0.1966,0,3
2166,0.27136,0,3
2167,0.27174,0,6
2168,0.23494,0,3
2169,0.24733,0,3
2170,0.24296,0,6
2171,0.22052,0,1
2172,0.27577,0,8
2173,0.18384,0,3
2174,0.28037,0,3
2175,0.27522,0,3
2176,0.1906,0,3
2177,0.28452,0,8
2178,0.18988,0,3
2179,0.27795,0,3
2180,0.20605,0,3
2181,0.23839,0,3
2182,0.23072,0,5
2183,0.23734,0,5
2184,0.23817,0,3
2185,0.23524,0,3
2186,0.23835,0,3
2187,0.23065,0,6
2188,0.22882,0,3
2189,0.23985,0,3
2190,0.23386,0,3
2191,0.23052,0,3
2192,0.24458,0,5
2193,0.22813,0,3
2194,0.22219,0,3
2195,0.22639,0,3
2196,0.21966,0,3
2197,0.22951,0,5
2198,0.22528,0,5
2199,0.23018,0,3
2200,0.22579,0,3
2201,0.30468,0,6
2202,0.24754,0,3
2203,0.25313,0,3
2204,0.21174,0,1
2205,0.25011,0,3
2206,0.22882,0,3
2207,0.20485,0,5
2208,0.23472,0,6
2209,0.28277,0,3
2210,0.20558,0,3
2211,0.21204,0,3
2212,0.24862,0,8
2213,0.26152,0,3
2214,0.24362,0,3
2215,0.24316,0,3
2216,0.22508,0,3
2217,0.23033,0,6
2218,0.22307,0,3
2219,0.23681,0,3
2220,0.15224,0,3
2221,0.32334,0,3
2222,0.13435,0,5
2223,0.25633,0,3
2224,0.29027,0,5
2225,0.26139,0,3
2226,0.21354,0,3
2227,0.20816,0,6
2228,0.21701,0,5
2229,0.29895,0,3
2230,0.23974,0,3
2231,0.21372,0,3
2232,0.20685,0,8
2233,0.30537,0,3
2234,0.20509,0,5
2235,0.20883,0,3
2236,0.29153,0,5
2237,0.235,0,3
2238,0.21159,0,3
2239,0.20787,0,5
2240,0.30747,0,5
2241,0.21904,0,3
2242,0.20947,0,3
2243,0.24711,0,6
2244,0.27021,0,3
2245,0.20657,0,3
2246,0.20837,0,3
2247,0.21619,0,5
2248,0,0,0
2249,0.26397,,5
2250,0.21609,,3
2251,0.21006,,3
2252,0.21594,,5
2253,0.30169,,6
2254,0.22321,,5
2255,0.21043,,3
2256,0.20943,,3
2257,0.30291,,8
2258,0.20541,,1
2259,0.20625,,3
2260,0.28661,,5
2261,0.20561,,3
2262,0.25135,,6
2263,0.25475,,5
2264,0.20644,,2
2265,0.20286,,5
2266,0.30257,,3
2267,0.20926,,5
2268,0.19311,,5
2269,0.30293,,3
2270,0.20534,,3
2271,0.19692,,5
2272,0.19728,,6
2273,0.32577,,3
2274,0.20838,,1
2275,0.19051,,5
2276,0.29523,,3
2277,0.19877,,5
2278,0.19999,,5
2279,0.29497,,3
2280,0.19961,,3
2281,0.19893,,5
2282,0.29917,,6
2283,0.19829,,3
2284,0.2208,,5
2285,0.23627,,1
2286,0.24182,,5
2287,0.25633,,1
2288,0.21315,,8
2289,0.21143,,2
2290,0.26121,,5
2291,0.23288,,3
2292,0.19212,,2
2293,0.28774,,6
2294,0.20416,,3
2295,0.19668,,3
2296,0.28468,,5
2297,0.19371,,6
2298,0.19698,,2
2299,0.28943,,3
2300,0.20712,,3
2301,0.19373,,3
2302,0.2621,,8
2303,0.23292,,3
2304,0.1948,,2
2305,0.22963,,5
2306,0.25772,,3
2307,0.19266,,2
2308,0.25519,,8
2309,0.23494,,2
2310,0.19735,,3
2311,0.26165,,3
2312,0.23001,,6
2313,0.22136,,3
2314,0.19871,,6
2315,0.2197,,8
2316,0.27935,,3
2317,0.20395,,3
2318,0.20395,,2
2319,0.26683,,6
2320,0.23271,,5
2321,0.20325,,3
2322,0.20563,,3
2323,0.29235,,3
2324,0.20914,,6
2325,0.213,,3
2326,0.25131,,3
2327,0.19415,,5
2328,0.28143,,3
2329,0.20865,,5
2330,0.26359,,5
2331,0.18699,,3
2332,0.2716,,3
2333,0.18316,,3
2334,0.20671,,3
2335,0.23576,,3
2336,0.26042,,3
2337,0.19383,,6
2338,0.19646,,5
2339,0.29512,,6
2340,0.19083,,0
2341,0.19155,,5
2342,0.27225,,6
2343,0.20863,,3
2344,0.18552,,3
2345,0.28165,,5
2346,0.19098,,3
2347,0.22133,,6
2348,0.24665,,3
2349,0.18765,,5
2350,0.2413,,3
2351,0.24109,,3
2352,0.2112,,6
2353,0.21802,,3
2354,0.18717,,3
2355,0.28247,,3
2356,0.18919,,3
2357,0.18781,,6
2358,0.28876,,3
2359,0.17105,,1
2360,0.25747,,5
2361,0.2041,,3
2362,0.19527,,6
2363,0.26657,,6
2364,0.18446,,3
2365,0.28149,,3
2366,0.18681,,5
2367,0.24702,,6
2368,0.22492,,3
2369,0.19675,,3
2370,0.18846,,3
2371,0.27971,,3
2372,0.18317,,3
2373,0.27304,,8
2374,0.18256,,3
2375,0.26619,,3
2376,0.1728,,3
2377,0.25195,,5
2378,0.18241,,5
2379,0.27571,,3
2380,0.20362,,3
2381,0.24455,,5
2382,0.20277,,13
2383,0.24626,,5
2384,0.19699,,3
2385,0.22444,,3
2386,0.21673,,1
2387,0.20414,,5
2388,0.24272,,5
2389,0.18551,,5
2390,0.24269,,3
2391,0.2308,,3
2392,0.18154,,3
2393,0.27321,,5
2394,0.17995,,5
2395,0.26176,,5
2396,0.12256,,0
2397,0.24344,,1
2398,0.12278,,8
2399,0.25149,,0
2400,0.12836,,3
2401,0.2506,,3
2402,0.15956,,3
2403,0.2844,,0
2404,0.23763,,3
2405,0.21894,,3
2406,0.21429,,3
2407,0.19782,,3
2408,0.16727,,3
2409,0.27204,,3
2410,0.17544,,1
2411,0.22085,,8
2412,0.22716,,3
2413,0.17903,,1
2414,0.24086,,3
2415,0.20971,,1
2416,0.24507,,5
2417,0.18437,,3
2418,0.17785,,5
2419,0.27025,,2
2420,0.1829,,5
2421,0.18766,,2
2422,0.26164,,6
2423,0.17941,,3
2424,0.24412,,3
2425,0.2048,,3
2426,0.17504,,3
2427,0.25762,,1
2428,0.17281,,3
2429,0.26649,,5
2430,0.2045,,6
2431,0.19075,,3
2432,0.1901,,3
2433,0.25144,,3
2434,0.21002,,2
2435,0.21761,,5
2436,0.21557,,2
2437,0.21014,,3
2438,0.21373,,3
2439,0.21526,,3
2440,0.21047,,3
2441,0.20975,,5
2442,0.21334,,3
2443,0.20846,,1
2444,0.21303,,3
2445,0.20403,,3
2446,0.22166,,2
2447,0.23152,,6
2448,0.21598,,3
2449,0.19808,,3
2450,0.21895,,5
2451,0.18996,,4
2452,0.23408,,6
2453,0.21841,,3
2454,0.20887,,3
2455,0.2138,,3
2456,0.21202,,3
2457,0.20796,,6
2458,0.16614,,2
2459,0.17148,,5
2460,0.15874,,2
2461,0.15817,,2
2462,0.18782,,3
2463,0.14187,,2
2464,0.18803,,5
2465,0.17119,,1
2466,0.16117,,3
2467,0.18319,,3
2468,0.14819,,3
2469,0.1891,,3
2470,0.14576,,5
2471,0.18036,,1
2472,0.17817,,3
2473,0.14774,,3
2474,0.15703,,3
2475,0.19601,,2
2476,0.16525,,5
2477,0.12579,,2
2478,0.17597,,3
2479,0.17033,,3
2480,0.16862,,3
2481,0.1726,,3
2482,0.17323,,1
2483,0.15695,,6
2484,0.14476,,3
2485,0.17326,,1
2486,0.17347,,3
2487,0.14329,,3
2488,0.15704,,2
2489,0.17161,,5
2490,0.17249,,3
2491,0.16593,,2
2492,0.13358,,2
2493,0.15894,,1
2494,0.16441,,3
2495,0.16325,,6
2496,0.16221,,1
2497,0.16479,,3
2498,0.16429,,1
2499,0.1655,,1
2500,0.16335,,3
2501,0.16421,,3
2502,0.16269,,5
2503,0.17239,,3
2504,0.16705,,3
2505,0.17403,,3
2506,0.16723,,2
2507,0.17538,,5
2508,0.152,,2
2509,0.17571,,4
2510,0.16825,,2
2511,0.17208,,4
2512,0.16514,,3
2513,0.1662,,5
2514,0.17,,3
2515,0.14607,,3
2516,0.18264,,5
2517,0.17893,,2
2518,0.16895,,3
2519,0.17301,,6
2520,0.15652,,1
2521,0.18815,,3
2522,0.1422,,3
2523,0.18921,,3
2524,0.14561,,6
2525,0.14416,,0
2526,0.18083,,3
2527,0.15191,,3
2528,0.14933,,2
2529,0.17714,,2
2530,0.16459,,5
2531,0.14594,,3
2532,0.19099,,3
2533,0.15176,,5
2534,0.14752,,2
2535,0.15544,,1
2536,0.18815,,3
2537,0.18638,,6
2538,0.20993,,0
2539,0.23411,,3
2540,0.19292,,1
2541,0.19141,,1
2542,0.24778,,2
2543,0.1887,,5
2544,0.23367,,3
2545,0.21056,,3
2546,0.19736,,3
2547,0.24636,,3
2548,0.18981,,3
2549,0.20583,,5
2550,0.14366,,1
2551,0.19187,,1
2552,0.14266,,5
2553,0.19245,,1
2554,0.14396,,3
2555,0.19157,,6
2556,0.14369,,3
2557,0.18235,,2
2558,0.16553,,3
2559,0.17392,,3
2560,0.16504,,5
2561,0.1778,,2
2562,0.1587,,5
2563,0.1796,,1
2564,0.15532,,3
2565,0.18198,,6
2566,0.15444,,5
2567,0.17996,,1
2568,0.15621,,3
2569,0.17125,,1
2570,0.15628,,5
2571,0.17232,,2
2572,0.15889,,3
2573,0.15164,,5
2574,0.18213,,3
2575,0.14726,,3
2576,0.18286,,5
2577,0.1406,,1
2578,0.18844,,3
2579,0.13996,,3
2580,0.19117,,3
2581,0.14354,,3
2582,0.18568,,3
2583,0.15835,,3
2584,0.15604,,5
2585,0.18749,,3
2586,0.14707,,3
2587,0.15833,,2
2588,0.17995,,3
2589,0.15334,,3
2590,0.1598,,3
2591,0.15578,,3
2592,0.15653,,3
2593,0.15726,,3
2594,0.15804,,3
2595,0.16291,,3
2596,0.16223,,5
2597,0.16886,,3
2598,0.16932,,3
2599,0.16376,,3
2600,0.15814,,5
2601,0.16087,,3
2602,0.15631,,5
2603,0.15717,,3
2604,0.15658,,3
2605,0.15674,,8
2606,0.15741,,3
2607,0.15801,,1
2608,0.15543,,3
2609,0.15808,,3
2610,0.1559,,3
2611,0.17238,,5
2612,0.16008,,2
2613,0.16116,,3
2614,0.16216,,2
2615,0.16304,,2
2616,0.15977,,5
2617,0.16182,,5
2618,0.16137,,0
2619,0.16002,,3
2620,0.15843,,3
2621,0.15313,,3
2622,0.16219,,1
2623,0.14124,,1
2624,0.13382,,3
2625,0.15148,,3
2626,0.15771,,2
2627,0.16054,,2
2628,0.15882,,3
2629,0.1593,,2
2630,0.1544,,3
2631,0.1413,,2
2632,0.13549,,2
2633,0.15573,,3
2634,0.15814,,3
2635,0.15992,,3
2636,0.16058,,1
2637,0.15972,,1
2638,0.15864,,1
2639,0.11496,,1
2640,0.18112,,4
2641,0.17189,,3
2642,0.16104,,5
2643,0.16425,,3
2644,0.16796,,5
2645,0.16198,,3
2646,0.15564,,3
2647,0.1498,,3
2648,0.14826,,6
2649,0.15785,,5
2650,0.15717,,3
2651,0.15725,,3
2652,0.15645,,3
2653,0.15685,,11
2654,0.15782,,3
2655,0.15638,,3
2656,0.15138,,2
2657,0.13638,,6
2658,0.13056,,3
2659,0.15544,,3
2660,0.1575,,3
2661,0.15718,,3
2662,0.16113,,3
2663,0.15665,,3
2664,0.17187,,3
2665,0.15722,,1
2666,0.117,,1
2667,0.15456,,5
2668,0.15852,,3
2669,0.15861,,3
2670,0.15498,,2
2671,0.17114,,5
2672,0.1634,,3
2673,0.16052,,3
2674,0.162,,3
2675,0.15,,3
2676,0.1559,,3
2677,0.14201,,2
2678,0.14246,,3
2679,0.14372,,3
2680,0.1565,,3
2681,0.15732,,3
2682,0.15825,,2
2683,0.1565,,5
2684,0.13376,,2
2685,0.12799,,2
2686,0.14427,,2
2687,0.15514,,3
2688,0.15017,,6
2689,0.151,,3
2690,0.15435,,3
2691,0.13217,,2
2692,0.1624,,3
2693,0.138,,3
2694,0.16034,,3
2695,0.12739,,3
2696,0.18345,,2
2697,0.13031,,2
2698,0.13165,,2
2699,0.18759,,2
2700,0.14109,,3
2701,0.13173,,2
2702,0.16723,,3
2703,0.16008,,2
2704,0.1302,,3
2705,0.13114,,3
2706,0.18696,,3
2707,0.14384,,3
2708,0.13169,,3
2709,0.13095,,3
2710,0.20465,,3
2711,0.13881,,0
2712,0.13032,,3
2713,0.13932,,2
2714,0.18277,,2
2715,0.13293,,2
2716,0.13218,,2
2717,0.13237,,2
2718,0.1725,,3
2719,0.16202,,3
2720,0.13198,,3
2721,0.13118,,3
2722,0.18062,,3
2723,0.14858,,1
2724,0.13177,,3
2725,0.13258,,2
2726,0.1824,,2
2727,0.14569,,3
2728,0.13169,,2
2729,0.13043,,3
2730,0.18492,,2
2731,0.13329,,10
2732,0.14098,,3
2733,0.13311,,2
2734,0.12296,,1
2735,0.14083,,2
2736,0.13302,,2
2737,0.13647,,2
2738,0.10831,,1
2739,0.18754,,3
2740,0.18237,,5
2741,0.1399,,3
2742,0.14038,,3
2743,0.1315,,3
2744,0.19712,,2
2745,0.13599,,4
2746,0.13464,,2
2747,0.13664,,2
2748,0.13782,,4
2749,0.13621,,2
2750,0.13661,,2
2751,0.19396,,4
2752,0.13231,,3
2753,0.13608,,3
2754,0.14278,,2
2755,0.14575,,3
2756,0.13898,,3
2757,0.13604,,3
2758,0.13716,,2
2759,0.15895,,4
2760,0.12653,,2
2761,0.11148,,4
2762,0.16242,,2
2763,0.15994,,2
2764,0.15878,,3
2765,0.11153,,4
2766,0.1231,,3
2767,0.16383,,3
2768,0.17759,,6
2769,0.1587,,3
2770,0.15117,,3
2771,0.13277,,3
2772,0.10894,,3
2773,0.15873,,2
2774,0.15904,,2
2775,0.15559,,2
2776,0.15007,,4
2777,0.10939,,3
2778,0.12231,,7
2779,0.15998,,2
2780,0.16289,,3
2781,0.12594,,2
2782,0.10792,,3
2783,0.15724,,2
2784,0.15743,,3
2785,0.16139,,5
2786,0.1454,,1
2787,0.12006,,4
2788,0.11924,,2
2789,0.15756,,3
2790,0.15898,,2
2791,0.15977,,3
2792,0.13816,,4
2793,0.09503,,1
2794,0.1672,,4
2795,0.11919,,3
2796,0.15863,,2
2797,0.15617,,1
2798,0.15139,,2
2799,0.12768,,2
2800,0.13296,,2
2801,0.13998,,2
2802,0.16086,,2
2803,0.16035,,4
2804,0.15704,,3
2805,0.1492,,4
2806,0.13591,,3
2807,0.13312,,3
2808,0.11134,,2
2809,0.15898,,3
2810,0.1567,,3
2811,0.15903,,3
2812,0.10506,,2
2813,0.12922,,2
2814,0.15895,,2
2815,0.15559,,2
2816,0.13368,,4
2817,0.10523,,3
2818,0.15836,,2
2819,0.15998,,2
2820,0.14469,,1
2821,0.09457,,4
2822,0.14967,,1
2823,0.15396,,2
2824,0.15073,,2
2825,0.14825,,3
2826,0.12103,,2
2827,0.11576,,3
2828,0.15293,,2
2829,0.15624,,2
2830,0.15687,,4
2831,0.14401,,7
2832,0.10183,,2
2833,0.14535,,3
2834,0.16262,,3
2835,0.17189,,2
2836,0.13218,,3
2837,0.10862,,2
2838,0.09092,,3
2839,0.15241,,2
2840,0.14701,,2
2841,0.09305,,2
2842,0.16723,,3
2843,0.16061,,3
2844,0.15362,,3
2845,0.09417,,1
2846,0.14571,,2
2847,0.16074,,3
2848,0.16077,,3
2849,0.12048,,3
2850,0.11679,,2
2851,0.08773,,1
2852,0.14425,,3
2853,0.15073,,2
2854,0.10525,,2
2855,0.13031,,2
2856,0.12849,,0
2857,0.16447,,10
2858,0.15296,,1
2859,0.13284,,4
2860,0.16652,,6
2861,0.18443,,5
2862,0.151,,6
2863,0.14468,,3
2864,0.14777,,4
2865,0.15089,,4
2866,0.14567,,4
2867,0.13883,,2
2868,0.12126,,1
2869,0.15082,,3
2870,0.14686,,2
2871,0.14572,,10
2872,0.1576,,5
2873,0.16206,,5
2874,0.15747,,4
2875,0.15909,,4
2876,0.14186,,3
2877,0.11799,,4
2878,0.14157,,3
2879,0.1618,,4
2880,0.15463,,1
2881,0.15669,,3
2882,0.13305,,2
2883,0.10361,,2
2884,0.16537,,5
2885,0.15532,,2
2886,0.09877,,3
2887,0.15788,,3
2888,0.15666,,3
2889,0.16091,,3
2890,0.13364,,3
2891,0.11168,,2
2892,0.14236,,3
2893,0.1614,,4
2894,0.15816,,3
2895,0.13569,,2
2896,0.09801,,2
2897,0.15831,,2
2898,0.15696,,4
2899,0.15241,,4
2900,0.09407,,0
2901,0.12919,,6
2902,0.09509,,0
2903,0.13284,,4
2904,0.144,,5
2905,0.16109,,2
2906,0.16896,,1
2907,0.12244,,2
2908,0.10421,,3
2909,0.13923,,2
2910,0.1143,,2
2911,0.20844,,2
2912,0.11382,,2
2913,0.09569,,2
2914,0.12814,,3
2915,0.18985,,1
2916,0.14132,,1
2917,0.12,,1
2918,0.11747,,6
2919,0.09324,,1
2920,0.17173,,2
2921,0.11455,,2
2922,0.09802,,2
2923,0.17422,,2
2924,0.13834,,0
2925,0.12392,,3
2926,0.14138,,4
2927,0.12889,,3
2928,0.14551,,1
2929,0.1227,,2
2930,0.1136,,3
2931,0.155,,2
2932,0.11593,,3
2933,0.12007,,2
2934,0.16409,,6
2935,0.14351,,0
2936,0.11915,,1
2937,0.11374,,2
2938,0.11006,,3
2939,0.1079,,2
2940,0.12328,,2
2941,0.191,,2
2942,0.12787,,5
2943,0.14765,,1
2944,0.10559,,1
2945,0.17083,,4
2946,0.15581,,1
2947,0.0643,,2
2948,0.17616,,3
2949,0.12892,,2
2950,0.1186,,1
2951,0.12127,,1
2952,0.13086,,5
2953,0.11991,,3
2954,0.11596,,0
2955,0.17668,,2
2956,0.13112,,2
2957,0.13708,,2
2958,0.11492,,3
2959,0.12566,,2
2960,0.11732,,4
2961,0.11911,,1
2962,0.1032,,2
2963,0.0974,,4
2964,0.20653,,0
2965,0.1136,,1
2966,0.09692,,2
2967,0.09363,,1
2968,0.20692,,1
2969,0.09532,,0
2970,0.14318,,2
2971,0.11024,,6
2972,0.10312,,2
2973,0.12264,,2
2974,0.11464,,0
2975,0.12321,,2
2976,0.10689,,3
2977,0.18549,,6
2978,0.13822,,1
2979,0.1361,,2
2980,0.1196,,2
2981,0.12179,,4
2982,0.11937,,2
2983,0.09165,,4
2984,0.11347,,0
2985,0.10505,,4
2986,0.19932,,3
2987,0.14048,,4
2988,0.11327,,2
2989,0.1165,,4
2990,0.12492,,0
2991,0.12226,,3
2992,0.11926,,1
2993,0.10936,,2
2994,0.11896,,2
2995,0.11991,,5
2996,0.11808,,0
2997,0.14025,,2
2998,0.17155,,2
2999,0.13714,,6
3000,0.1371,,0
3001,0.12626,,4
3002,0.13736,,0
3003,0.10137,,4
3004,0.14559,,4
3005,0.12203,,0
3006,0.11835,,3
3007,0.17019,,1
3008,0.11795,,2
3009,0.11785,,2
3010,0.11568,,0
3011,0.11729,,12
3012,0.12098,,2
3013,0.11821,,3
3014,0.19341,,4
3015,0.10362,,1
3016,0.10248,,0
3017,0.10256,,6
3018,0.16898,,1
3019,0.10509,,1
3020,0.00593,,0
3021,0.14193,,0
3022,0.12433,,4
3023,0.10508,,1
3024,0.1487,,6
3025,0.16575,,0
3026,0.10215,,3
3027,0.10291,,6
3028,0.10269,,3
3029,0.19449,,2
3030,0.11592,,2
3031,0.10496,,4
3032,0.1118,,3
3033,0.17017,,9
3034,0.16652,,0
3035,0.10423,,1
3036,0.10075,,1
3037,0.103,,2
3038,0.11315,,3
3039,0.31652,,2
3040,0.28364,,2
3041,0.22821,,2
3042,0.2282,,3
3043,0.10354,,2
3044,0.12968,,2
3045,0.19006,,2
3046,0.01716,,0
3047,0.2182,,6
3048,0.10458,,2
3049,0.09908,,2
3050,0.20259,,1
3051,0.10658,,1
3052,0.10262,,5
3053,0.10583,,3
3054,0.1076,,1
3055,0.21126,,1
3056,0.11659,,1
3057,0.10542,,6
3058,0.10503,,1
3059,0.1335,,1
3060,0.15614,,0
3061,0.09105,,4
3062,0.09329,,1
3063,0.15989,,2
3064,0.15406,,2
3065,0.1095,,2
3066,0.10546,,4
3067,0.10571,,1
3068,0.20337,,1
3069,0.12663,,1
3070,0.10501,,3
3071,0.10483,,1
3072,0.12171,,3
3073,0.20654,,1
3074,0.10555,,2
3075,0.10184,,4
3076,0.10614,,2
3077,0.16906,,1
3078,0.15921,,1
3079,0.11095,,4
3080,0.10621,,1
3081,0.10719,,5
3082,0.17675,,1
3083,0.13654,,3
3084,0.10851,,3
3085,0.10701,,1
3086,0.10631,,1
3087,0.1827,,1
3088,0.13245,,2
3089,0.10324,,4
3090,0.10631,,1
3091,0.10426,,2
3092,0.18618,,1
3093,0.12743,,2
3094,0.10368,,4
3095,0.10515,,1
3096,0.10223,,1
3097,0.19499,,1
3098,0.11905,,5
3099,0.10524,,5
3100,0.10236,,1
3101,0.1052,,1
3102,0.17106,,1
3103,0.12566,,2
3104,0.10505,,3
3105,0.10397,,2
3106,0.15701,,1
3107,0.15666,,2
3108,0.10471,,0
3109,0.10538,,1
3110,0.10319,,1
3111,0.1699,,1
3112,0.14022,,1
3113,0.10534,,3
3114,0.10454,,3
3115,0.10304,,2
3116,0.15681,,2
3117,0.12716,,0
3118,0.09892,,4
3119,0.09,,0
3120,0.10117,,2
3121,0.16296,,2
3122,0.08452,,0
3123,0.10532,,5
3124,0.09064,,3
3125,0.21546,,2
3126,0.10377,,0
3127,0.07341,,0
3128,0,,0
3129,0.1906,,6
3130,0.15907,,2
3131,0.07871,,2
3132,0.16077,,0
3133,0.08396,,4
3134,0.15232,,2
3135,0.1167,,2
3136,0.12293,,2
3137,0.11681,,2
3138,0.12121,,2
3139,0.12599,,2
3140,0.11217,,3
3141,0.13717,,8
3142,0.10363,,0
3143,0.12379,,2
3144,0.11701,,4
3145,0.14291,,2
3146,0.0928,,2
3147,0.13883,,0
3148,0.10312,,4
3149,0.13652,,4
3150,0.10779,,2
3151,0.13918,,2
3152,0.1033,,5
3153,0.12863,,8
3154,0.10895,,0
3155,0.1328,,1
3156,0.11037,,5
3157,0.13806,,0
3158,0.09419,,4
3159,0.16777,,2
3160,0.08249,,4
3161,0.16579,,2
3162,0.0779,,2
3163,0.16642,,2
3164,0.08202,,3
3165,0.17053,,0
3166,0.08321,,2
3167,0.16822,,1
3168,0.08387,,4
3169,0.1643,,2
3170,0.08591,,5
3171,0.14764,,0
3172,0.10577,,2
3173,0.0821,,2
3174,0.16451,,2
3175,0.08166,,4
3176,0.16851,,0
3177,0.08377,,4
3178,0.1696,,5
3179,0.08246,,3
3180,0.16824,,3
3181,0.08323,,2
3182,0.16931,,3
3183,0.08427,,4
3184,0.16845,,3
3185,0.0844,,2
3186,0.15095,,2
3187,0.10148,,2
3188,0.11224,,0
3189,0.14017,,14
3190,0.08292,,2
3191,0.16962,,2
3192,0.06452,,2
3193,0.15396,,1
3194,0.10837,,1
3195,0.11222,,1
3196,0.14611,,2
3197,0.07279,,1
3198,0.14945,,1
3199,0.06001,,0
3200,0.15387,,2
3201,0.14646,,2
3202,0.07111,,2
3203,0.14132,,2
3204,0.07341,,2
3205,0.14993,,2
3206,0.14867,,3
3207,0.07284,,1
3208,0.14957,,1
3209,0.06783,,2
3210,0.11485,,2
3211,0.15163,,2
3212,0.07796,,2
3213,0.15913,,2
3214,0.10478,,4
3215,0.11384,,0
3216,0.14699,,0
3217,0.07258,,2
3218,0.1445,,0
3219,0.08028,,4
3220,0.11683,,0
3221,0.17693,,10
3222,0.09974,,8
3223,0.14805,,6
3224,0.1679,,3
3225,0.08152,,3
3226,0.16732,,3
3227,0.16678,,4
3228,0.13619,,4
3229,0.16621,,2
3230,0.08294,,2
3231,0.16512,,0
3232,0.08308,,4
3233,0.16537,,5
3234,0.08055,,4
3235,0.16523,,2
3236,0.08195,,2
3237,0.16574,,2
3238,0.07987,,3
3239,0.16522,,1
3240,0.08007,,5
3241,0.16559,,4
3242,0.10159,,4
3243,0.14204,,2
3244,0.10584,,4
3245,0.13705,,2
3246,0.10666,,0
3247,0.13708,,2
3248,0.08778,,3
3249,0.15635,,1
3250,0.07933,,4
3251,0.16046,,2
3252,0.07988,,3
3253,0.16474,,2
3254,0.07951,,6
3255,0.16435,,2
3256,0.08049,,2
3257,0.16258,,0
3258,0.07868,,4
3259,0.163,,0
3260,0.16273,,0
3261,0.16465,,2
3262,0.07987,,1
3263,0.16221,,3
3264,0.08016,,2
3265,0.16254,,3
3266,0.08448,,1
3267,0.08244,,4
3268,0.15701,,0
3269,0.07919,,0
3270,0.16269,,0
3271,0.07905,,2
3272,0.16104,,4
3273,0.07648,,2
3274,0.16038,,2
3275,0.07839,,4
3276,0.16057,,2
3277,0.07853,,12
3278,0.16131,,3
3279,0.07821,,3
3280,0.1599,,2
3281,0.07834,,2
3282,0.15984,,2
3283,0.16091,,4
3284,0.15928,,2
3285,0.07914,,4
3286,0.15952,,2
3287,0.07876,,2
3288,0.14016,,2
3289,0.08073,,2
3290,0.15853,,3
3291,0.07654,,3
3292,0.1591,,2
3293,0.07924,,1
3294,0.15889,,2
3295,0.08,,2
3296,0.16135,,2
3297,0.07204,,4
3298,0.16089,,2
3299,0.07879,,4
3300,0.1582,,2
3301,0.07926,,0
3302,0.07863,,10
3303,0.15768,,2
3304,0.06751,,3
3305,0.15364,,1
3306,0.07838,,1
3307,0.15689,,2
3308,0.07762,,2
3309,0.15648,,1
3310,0.07772,,3
3311,0.13698,,0
3312,0.10045,,2
3313,0.0773,,2
3314,0.15722,,4
3315,0.07795,,2
3316,0.15879,,2
3317,0.07808,,0
3318,0.12953,,3
3319,0.10624,,2
3320,0.07602,,1
3321,0.15888,,2
3322,0.07661,,1
3323,0.15657,,3
3324,0.07731,,2
3325,0.14844,,2
3326,0.08551,,0
3327,0.07685,,2
3328,0.15761,,2
3329,0.07765,,4
3330,0.15798,,2
3331,0.07972,,2
3332,0.13055,,2
3333,0.10595,,3
3334,0.07862,,3
3335,0.15756,,3
3336,0.07957,,3
3337,0.15805,,1
3338,0.07897,,2
3339,0.10766,,2
3340,0.12975,,2
3341,0.07898,,4
3342,0.15836,,0
3343,0.07872,,4
3344,0.1554,,2
3345,0.08221,,0
3346,0.07827,,2
3347,0.15846,,1
3348,0.08001,,1
3349,0.15886,,2
3350,0.07873,,3
3351,0.1554,,2
3352,0.08258,,1
3353,0.07829,,2
3354,0.15879,,0
3355,0.07928,,2
3356,0.15915,,2
3357,0.07971,,4
3358,0.10152,,4
3359,0.1302,,0
3360,0.08038,,5
3361,0.16178,,2
3362,0.07958,,3
3363,0.15836,,1
3364,0.07987,,2
3365,0.08782,,0
3366,0.15121,,0
3367,0.08013,,4
3368,0.15977,,2
3369,0.08024,,4
3370,0.14028,,0
3371,0.09908,,2
3372,0.07974,,4
3373,0.16054,,2
3374,0.07975,,2
3375,0.14839,,1
3376,0.07196,,1
3377,0.14849,,1
3378,0.07385,,2
3379,0.13394,,3
3380,0.09171,,1
3381,0.07808,,2
3382,0.1533,,2
3383,0.07461,,2
3384,0.15348,,0
3385,0.07653,,4
3386,0.07504,,0
3387,0.06505,,0
3388,0.1945,,2
3389,0.07701,,1
3390,0.15561,,1
3391,0.07808,,3
3392,0.11694,,1
3393,0.11725,,1
3394,0.07833,,2
3395,0.15778,,0
3396,0.07856,,2
3397,0.15844,,2
3398,0.08041,,4
3399,0.09219,,14
3400,0.14355,,0
3401,0.07907,,2
3402,0.15679,,2
3403,0.07771,,4
3404,0.15586,,3
3405,0.08068,,0
3406,0.079,,1
3407,0.15931,,4
3408,0.07925,,4
3409,0.15348,,1
3410,0.07766,,2
3411,0.08893,,6
3412,0.14391,,0
3413,0.07766,,4
3414,0.15402,,2
3415,0.07571,,2
3416,0.15128,,2
3417,0.07538,,4
3418,0.11827,,5
3419,0.11108,,1
3420,0.07519,,2
3421,0.15125,,1
3422,0.07535,,2
3423,0.15177,,0
3424,0.07586,,4
3425,0.14957,,2
3426,0.07196,,2
3427,0.12235,,2
3428,0.10004,,0
3429,0.07086,,16
3430,0.14875,,1
3431,0.07415,,2
3432,0.14416,,1
3433,0.07812,,2
3434,0.1433,,2
3435,0.07013,,2
3436,0.15869,,2
3437,0.07932,,4
3438,0.15432,,0
3439,0.08025,,4
3440,0.11193,,2
3441,0.12127,,16
3442,0.07869,,2
3443,0.15534,,2
3444,0.07743,,3
3445,0.15502,,1
3446,0.07992,,2
3447,0.15168,,2
3448,0.08669,,2
3449,0.08064,,2
3450,0.15373,,1
3451,0.0794,,2
3452,0.15442,,2
3453,0.07748,,4
3454,0.15528,,2
3455,0.07795,,2
3456,0.1491,,2
3457,0.09061,,2
3458,0.09135,,1
3459,0.0792,,1
3460,0.08193,,6
3461,0.15687,,1
3462,0.07718,,5
3463,0.15757,,1
3464,0.158,,2
3465,0.15645,,2
3466,0.07758,,0
3467,0.15468,,2
3468,0.07193,,2
3469,0.14416,,2
3470,0.14093,,2
3471,0.08359,,2
3472,0.14765,,0
3473,0.07422,,7
3474,0.14437,,2
3475,0.13941,,3
3476,0.07314,,1
3477,0.14411,,2
3478,0.14547,,1
3479,0.13811,,2
3480,0.14266,,2
3481,0.07274,,4
3482,0.14762,,4
3483,0.14671,,2
3484,0.07299,,2
3485,0.14594,,0
3486,0.14396,,0
3487,0.07284,,0
3488,0.14676,,16
3489,0.14185,,2
3490,0.12429,,2
3491,0.0893,,2
3492,0.14392,,2
3493,0.14209,,2
3494,0.0698,,2
3495,0.14295,,12
3496,0.14449,,0
3497,0.14267,,2
3498,0.06984,,4
3499,0.14528,,2
3500,0.12891,,2
3501,0.1479,,2
3502,0.13884,,4
3503,0.0738,,2
3504,0.13968,,2
3505,0.1407,,2
3506,0.14023,,1
3507,0.11781,,2
3508,0.08865,,2
3509,0.146,,2
3510,0.15043,,2
3511,0.14556,,2
3512,0.07476,,2
3513,0.10139,,3
3514,0.1178,,0
3515,0.13855,,0
3516,0.14611,,4
3517,0.14631,,2
3518,0.13579,,1
3519,0.08013,,0
3520,0.14778,,4
3521,0.14414,,0
3522,0.14406,,4
3523,0.14463,,2
3524,0.06776,,2
3525,0,,0
3526,0,,0
3527,0,,0
3528,0.3789,,0
3529,0.15211,,0
3530,0.15438,,0
3531,0.15034,,2
3532,0.14449,,2
3533,0.08916,,2
3534,0.1447,,1
3535,0.14256,,1
3536,0.15128,,0
3537,0.15287,,2
3538,0.14722,,2
3539,0.12329,,2
3540,0.10313,,2
3541,0.14883,,0
3542,0.13739,,1
3543,0.15201,,1
3544,0.13087,,2
3545,0.07976,,2
3546,0.15574,,2
3547,0.14988,,2
3548,0.14728,,2
3549,0.13587,,2
3550,0.14263,,2
3551,0.12715,,2
3552,0.14436,,2
3553,0.09654,,0
3554,0.11685,,4
3555,0.14624,,0
3556,0.13455,,2
3557,0.14036,,2
3558,0.15052,,1
3559,0.15052,,1
3560,0.14101,,2
3561,0.14384,,1
3562,0.13539,,2
3563,0.13908,,1
3564,0.12206,,0
3565,0.11581,,4
3566,0.13279,,2
3567,0.14296,,0
3568,0.13986,,2
3569,0.14599,,1
3570,0.13766,,2
3571,0.14337,,1
3572,0.1457,,2
3573,0.14083,,1
3574,0.13657,,1
3575,0.1508,,0
3576,0.14027,,2
3577,0.11907,,3.78
3578,0.12614,,2.31
3579,0.13966,,2
3580,0.1352,,2
3581,0.13917,,2
3582,0.1456,,2
3583,0.13506,,2
3584,0.14129,,2
3585,0.0686,,0
3586,0.18539,,5
3587,0.14663,,2
3588,0.14437,,0
3589,0.14745,,4
3590,0.14808,,1
3591,0.14699,,2
3592,0.15324,,2
3593,0.14613,,4
3594,0.14706,,2
3595,0.14569,,3
3596,0.14863,,2
3597,0.14764,,2
3598,0.14445,,2
3599,0.14643,,2
3600,0.15401,,2
3601,0.14447,,1
3602,0.1544,,2
3603,0.14505,,1
3604,0.14566,,2
3605,0.14617,,2
3606,0.14353,,2
3607,0.14907,,0
3608,0.14261,,2
3609,0.15078,,2
3610,0.13586,,2
3611,0.12641,,2
3612,0.11054,,2
3613,0.13388,,1
3614,0.14503,,2
3615,0.14803,,1
3616,0.14529,,2
3617,0.14453,,1
3618,0.12752,,1
3619,0.13299,,1
3620,0.13428,,2
3621,0.1376,,2
3622,0.13904,,2
3623,0.13892,,2
3624,0.14039,,2
3625,0.13201,,0
3626,0.14302,,2
3627,0.14299,,2
3628,0.14252,,1
3629,0.1433,,2
3630,0.11243,,2
3631,0.14867,,2
3632,0.14005,,2
3633,0.14518,,0
3634,0.14372,,2
3635,0.09915,,0
3636,0.14129,,2
3637,0.14108,,2
3638,0.13972,,2
3639,0.13857,,2
3640,0.14113,,2
3641,0.13952,,3
3642,0.14057,,1
3643,0.14136,,0
3644,0.14014,,2
3645,0.14128,,1
3646,0.13484,,2
3647,0.14387,,4
3648,0.13854,,2
3649,0.11802,,4
3650,0.127,,2
3651,0.13286,,4
3652,0.12509,,2
3653,0.12492,,2
3654,0.12602,,1
3655,0.12469,,2
3656,0.17749,,2
3657,0.12315,,1
3658,0.12781,,1
3659,0.12545,,1
3660,0.12684,,1.31
3661,0.06924,,1.31
3662,0,,0
3663,0.18456,,0.28
3664,0.12712,,0
3665,0.16966,,2.33
3666,0.14962,,2
3667,0.17075,,2
3668,0.15122,,1.89
3669,0.14207,,2.46
3670,0.14335,,1.01
3671,0.14606,,2.48
3672,0.14154,,1.75
3673,0.14296,,2
3674,0.14182,,2
3675,0.07294,,2
3676,0.12911,,1.46
3677,0.17278,,2.61
3678,0.12666,,2.33
3679,0.11334,,0.87
3680,0.14734,,1.15
3681,0.14223,,0.87
3682,0.10086,,1.45
3683,0.09568,,0.43
3684,0.16589,,1.46
3685,0.09761,,1.89
3686,0.15522,,1.75
3687,0.12459,,1.45
3688,0.13026,,0.57
3689,0.10947,,2
3690,0.13235,,2
3691,0.10281,,2
3692,0.09932,,0
3693,0.13519,,2
3694,0.14614,,2
3695,0.09277,,0.57
3696,0.11403,,1.45
3697,0.1402,,1.02
3698,0.08619,,0.87
3699,0.11226,,2.32
3700,0.13994,,2
3701,0.09852,,2
3702,0.11573,,2
3703,0.14465,,1.02
3704,0.04924,,1
3705,0.10427,,0.15
3706,0.1221,,0
3707,0.11719,,1.6
3708,0.12455,,1
3709,0.09208,,1
3710,0.10416,,2
3711,0.09122,,2
3712,0.15826,,1.9
3713,0.14599,,0
3714,0.12671,,2
3715,0.09168,,2
3716,0.13502,,2
3717,0.13416,,2
3718,0.13063,,1.31
3719,0.1443,,1.01
3720,0.1416,,2.46
3721,0.14661,,1.46
3722,0.13562,,2.03
3723,0.09059,,2
3724,0.15562,,0.58
3725,0.17224,,2.18
3726,0.14581,,2
3727,0.15301,,2
3728,0.14177,,2.47
3729,0.15764,,1.16
3730,0.14186,,2.03
3731,0.14124,,0
3732,0.18875,,1.89
3733,0.15178,,0.72
3734,0.21184,,1.75
3735,0.15583,,2.33
3736,0.21898,,1.31
3737,0.14762,,2.76
3738,0.22203,,1.9
3739,0.20113,,1.59
3740,0.18712,,4.65
3741,0.14559,,10
3742,0.15186,,2
3743,0.23527,,0
3744,0.14384,,1.75
3745,0.1446,,0.43
3746,0.15675,,2.33
3747,0.19268,,1.59
3748,0.02527,,0.15
3749,0,,0
3750,0.10841,,0
3751,0.32199,,1
3752,0.19408,,1
3753,0.11734,,0.13
3754,0.22282,,1.46
3755,0.14894,,1.88
3756,0.14711,,1.61
3757,0.14336,,1.44
3758,0.14718,,1.17
3759,0.15081,,1.75
3760,0.17589,,1.01
3761,0.04683,,14.72
3762,0,,0
3763,0,,0
3764,0.33736,,0.87
3765,0.21039,,0
3766,0.14852,,0
3767,0.1468,,1.75
3768,0.14569,,1.61
3769,0.1447,,1.73
3770,0.14154,,1.61
3771,0.14602,,1.01
3772,0.13573,,1.75
3773,0.12887,,1.15
3774,0.14521,,0.58
3775,0.14122,,20.11
3776,0.06755,,0
3777,0.15034,,27.25
3778,0.13364,,1.31
3779,0.1382,,1.15
3780,0.07656,,2
3781,0.14477,,3.78
3782,0.13504,,1.75
3783,0.06454,,1.15
3784,0.06046,,0
3785,0.21102,,0
3786,0.06998,,2
3787,0.14459,,9.6
3788,0.14049,,19.81
3789,0.07068,,1.75
3790,0.1387,,1.15
3791,0.06865,,1.46
3792,0,,0
3793,0.22042,,0
3794,0.15275,,0.43
3795,0.0862,,2
3796,0.13002,,0.87
3797,0.1535,,0
3798,0.0712,,2
3799,0.14891,,2
3800,0.08776,,1.9
3801,0.12767,,1.3
3802,0.14367,,1.02
3803,0.07276,,1.75
3804,0.14856,,1.59
3805,0.13099,,1.9
3806,0.09209,,3.34
3807,0.14352,,0.58
3808,0.07074,,1.46
3809,0.15135,,0.57
3810,0.0813,,3.21
3811,0.13822,,2.32
3812,0.137,,0.58
3813,0.14222,,1.02
3814,0.06887,,1.6
3815,0.14943,,0.87
3816,0.09088,,2.62
3817,0.13057,,0.57
3818,0.13767,,2.92
3819,0.07698,,2.03
3820,0.14394,,1.31
3821,0.07767,,2.77
3822,0.15592,,0.28
3823,0.07538,,2.62
3824,0.08413,,1.31
3825,0.16931,,2.03
3826,0.14866,,1.31
3827,0.0862,,1.31
3828,0.07651,,2
3829,0.15622,,1.44
3830,0.09878,,2.03
3831,0.15424,,1.6
3832,0.07917,,2.47
3833,0.15521,,1.59
3834,0.08251,,1.02
3835,0.07597,,1.75
3836,0.14218,,1.31
3837,0.07657,,8.15
3838,0.15398,,19.24
3839,0.07826,,1
3840,0.16425,,1.16
3841,0.07481,,2.9
3842,0.07808,,1.02
3843,0.15451,,1.75
3844,0.07758,,2.47
3845,0.15664,,1.16
3846,0.07765,,2.03
3847,0.1565,,1.6
3848,0.07719,,1.74
3849,0.10826,,1.17
3850,0.11925,,1.45
3851,0.08499,,2.33
3852,0.14082,,1.31
3853,0.07829,,1.75
3854,0.14752,,0.87
3855,0.07456,,1.75
3856,0.12512,,1.01
3857,0.1419,,1.9
3858,0.0771,,2
3859,0.14095,,2
3860,0.08204,,2.18
3861,0.1506,,0.58
3862,0.13301,,0
3863,0.10044,,2
3864,0.14671,,11.93
3865,0.08647,,2.9
3866,0.1411,,0.59
3867,0.07288,,2.46
3868,0.13766,,0.29
3869,0.12394,,1.89
3870,0.13286,,1.46
3871,0.0778,,2.62
3872,0.12515,,8.01
3873,0.13843,,0
3874,0.13441,,12.54
3875,0.13677,,1.45
3876,0.09037,,1.31
3877,0.11809,,1.89
3878,0.15173,,1.75
3879,0.14677,,1.75
3880,0.0728,,2.48
3881,0.14296,,1.15
3882,0.12176,,1.45
3883,0.14907,,1.75
3884,0.06683,,4
3885,0.13153,,1.75
3886,0.13232,,0
3887,0.13004,,2.18
3888,0.13309,,2.03
3889,0.07036,,1.9
3890,0.12868,,1.01
3891,0.13107,,1.75
3892,0.13749,,1.74
3893,0.06773,,2.03
3894,0.13711,,1.17
3895,0.13745,,2.03
3896,0.06752,,2.34
3897,0.13722,,1.02
3898,0.13642,,2.03
3899,0.06788,,1.59
3900,0.13545,,1.02
3901,0.10251,,2
3902,0.1034,,2
3903,0.1379,,2
3904,0.06962,,2
3905,0.1444,,1
3906,0.06909,,2.62
3907,0.14373,,1.16
3908,0.13806,,2.18
3909,0.06947,,0.72
3910,0.14004,,0.57
3911,0.06968,,17.63
3912,0.14133,,1.46
3913,0.10248,,6
3914,0.10515,,0.71
3915,0.13982,,8
3916,0.06892,,8
3917,0.14147,,16.31
3918,0.11916,,1.75
3919,0.09402,,0.87
3920,0.1431,,1.46
3921,0.07071,,2.77
3922,0.13447,,0.87
3923,0.12561,,2.32
3924,0.07649,,2.04
3925,0.11716,,2.03
3926,0.14115,,1.02
3927,0.1274,,2.18
3928,0.0871,,2.46
3929,0.13862,,1.16
3930,0.09646,,2.18
3931,0.1127,,2.18
3932,0.1384,,1.31
3933,0.06803,,6.84
3934,0.13774,,1.16
3935,0.13674,,1.75
3936,0.06746,,2.03
3937,0.13409,,1.17
3938,0.14168,,2.32
3939,0.06778,,2.18
3940,0.13933,,0.87
3941,0.12728,,2.46
3942,0.07597,,1.9
3943,0.12291,,1.01
3944,0.14635,,2.32
3945,0.07032,,2.32
3946,0.14216,,1.17
3947,0.14046,,2.18
3948,0.13995,,1.01
3949,0.06918,,1.01
3950,0.09741,,12.52
3951,0.04697,,0
3952,0.07007,,0.15
3953,0.06804,,0
3954,0.14805,,3.2
3955,0.12099,,0.43
3956,0.11169,,2.76
3957,0.03835,,0.59
3958,0.10348,,0
3959,0.07888,,1.31
3960,0.10488,,0.15
3961,0.12904,,2.61
3962,0.09284,,10.18
3963,0.13224,,2.92
3964,0.14022,,15.59
3965,0.15492,,2.62
3966,0.06911,,2.03
3967,0.14606,,1.02
3968,0.08984,,2.47
3969,0.11575,,1.59
3970,0.11094,,1.02
3971,0.07016,,1.75
3972,0.15507,,2.03
3973,0.09789,,2.04
3974,0.09826,,1.45
3975,0.0811,,0.87
3976,0.11374,,1.61
3977,0.11249,,1.15
3978,0.1378,,1.9
3979,0.08759,,15.58
3980,0.08644,,0.58
3981,0.14445,,1.9
3982,0.10689,,3.19
3983,0.12103,,1.9
3984,0.13019,,2.33
3985,0.07278,,2.61
3986,0.14163,,36.14
3987,0.06934,,50.99
3988,0.14181,,43.7
3989,0.12466,,2.34
3990,0.08082,,2.04
3991,0.12994,,0.71
3992,0.05739,,1.89
3993,0.10907,,13.26
3994,0.12556,,16.31
3995,0.1249,,3.64
3996,0.05939,,1.45
3997,0.09399,,0.14
3998,0.10958,,1.75
3999,0.12547,,2.32
4000,0.11191,,0
4001,0.11646,,1.6
4002,0.07443,,3.5
4003,0.07443,,1.6
4004,0.07226,,2.76
4005,0.14199,,2.61
4006,0.06805,,0.88
4007,0.14185,,1.31
4008,0.07036,,2.47
4009,0.14021,,1
4010,0.12223,,1.9
4011,0.09359,,1.15
4012,0.09183,,1.6
4013,0.12207,,0.57
4014,0.08389,,1.01
4015,0.0741,,0.87
4016,0.09387,,0
4017,0.1281,,2.76
4018,0.12936,,2.18
4019,0.13936,,1.45
4020,0.06966,,2.48
4021,0.14043,,0.71
4022,0.11235,,2.63
4023,0.02651,,0.42
4024,0.16441,,0
4025,0.14218,,0
4026,0.07072,,0.29
4027,0.14167,,0
4028,0.06459,,0.14
4029,0.14653,,1.01
4030,0.0699,,0
4031,0.14285,,0